Category,P,Ti,Y,Hf,Th,U,La,Ce,Nd,Sm,Eu,Gd,Tb,Dy,Ho,Er,Tm,Yb,Lu
Hadean--JH,463.82105,21.91344,1583.66121,8608.57705,545.44779,430.14678,0.57558,50.53811,8.63025,9.43937,1.4653,32.97629,12.07784,135.02587,52.70134,228.94996,50.9229,426.63914,97.7443
Hadean--JH,397.14582,4.54261,2427.81574,7070.50567,139.78423,344.518,0.1592,17.39318,13.00827,14.11877,0.56065,53.82079,17.84214,206.47641,75.63599,280.0557,55.11381,410.61406,82.62529
Hadean--JH,134.20045,11.06085,885.77138,7987.73543,76.69697,92.52912,0.10281,7.66924,4.21995,5.24437,1.36106,19.16826,6.78246,74.45352,28.49808,124.34168,27.5477,239.72882,54.959
Hadean--JH,288.02824,5.7059,529.18564,10791.83125,76.4106,652.43954,0.34492,7.54983,2.85744,2.22729,0.23816,8.45959,3.2169,42.09943,16.88035,77.95234,17.66653,166.16533,38.42407
Hadean--JH,300.51151,5.1366,1500.33458,6540.58295,53.75887,199.93887,0.0652,6.79313,5.72996,7.91996,0.94391,28.09058,11.11157,114.35392,45.55372,179.91958,41.03095,318.90774,73.37016
Hadean--JH,211.63774,24.27299,1711.18134,8989.51169,255.05886,292.58053,0.31271,26.48031,10.59226,8.66705,1.32578,35.71799,14.18967,172.26613,69.64467,300.95164,62.48732,557.41755,108.8557
Hadean--JH,440.64537,18.17051,1276.87044,10167.48527,379.17182,637.19222,0.30144,29.36401,5.63477,7.05225,0.72316,28.70147,9.90503,113.55894,43.85224,187.68008,39.1379,326.5367,73.52114
Hadean--JH,298.98663,5.05697,1169.51398,7561.09945,58.02234,140.04094,0.1473,10.67041,5.30525,7.01059,1.28602,29.44915,10.44134,109.64805,42.01439,168.42549,34.795,292.68869,65.82388
Hadean--JH,463.31395,3.07683,2015.70478,9722.33521,91.55083,232.98808,0.91406,18.59032,8.99424,10.73608,0.88472,44.35253,15.1948,177.75479,69.32993,292.88519,59.66423,488.9805,110.48736
Hadean--JH,348.50836,4.27461,1153.29599,11437.56668,53.67376,134.61903,0.0559,9.0173,4.22572,17.08281,2.39912,54.92844,15.04244,125.31876,40.28787,163.41949,34.68272,289.60958,64.95377
Hadean--JH,113.42593,4.90317,1197.24944,9465.26431,63.31985,113.36791,0.03617,6.1553,6.03126,8.34204,1.95495,35.91512,12.38037,131.28482,48.00204,197.16079,40.67361,366.50391,76.59397
Hadean--JH,415.79282,4.49482,1145.45276,9214.00206,72.88274,287.31708,0.32487,16.64489,3.62156,5.75786,0.79463,28.56277,7.08883,84.81457,34.80181,153.17114,34.091,298.15643,70.91048
Hadean--JH,371.56311,8.93312,1078.60906,10003.87058,153.27624,136.12507,0.70288,27.58865,4.77656,4.79263,0.58836,20.01776,7.94265,92.84849,37.05203,159.10502,33.87717,283.72979,62.27632
Hadean--JH,230.4696,6.29315,1230.28189,9530.23883,90.46853,70.12344,0.07624,17.63791,4.97915,7.54537,0.4074,29.88043,11.00936,118.13551,43.32675,177.0702,34.74947,267.4607,56.60802
Hadean--JH,234.75342,5.04803,554.8791,9549.44012,30.69762,118.34321,0.10621,3.66541,1.72605,5.93577,0.71805,17.75918,5.56486,52.80667,19.13887,81.83352,19.01758,175.18783,41.69396
Hadean--JH,597.12159,20.17436,2271.70861,11545.29728,690.93448,861.21566,0.9252,26.87617,9.02476,10.48454,1.31729,46.07621,18.03446,205.88891,80.61587,335.54977,72.17105,596.41941,128.38673
Hadean--JH,554.17074,42.6448,1551.23065,8032.53844,351.46895,145.71618,0.43137,17.98529,4.64101,5.74453,1.01223,23.37147,8.99288,115.27191,52.86311,250.27477,55.42834,508.1491,118.1217
Hadean--JH,175.24725,4.05902,414.106,10675.91563,30.90949,67.24346,0.22671,9.18987,1.41314,1.59979,0.18789,7.34087,2.82467,34.16417,14.10917,62.52449,13.80547,117.68366,28.72893
Hadean--JH,113.04345,4.15603,914.07947,8718.44334,58.92057,122.72598,0.78492,9.41644,3.59806,3.83758,0.47824,16.87776,6.84436,85.38576,35.20871,157.4289,34.02599,312.03413,65.57887
Hadean--JH,270.85436,5.54394,1470.29165,8646.97962,50.07197,76.33256,0.07142,6.66744,5.05342,7.79668,1.61201,39.062,13.8122,143.17984,51.76615,205.185,41.70227,345.83375,74.29477
Hadean--JH,150.9463,4.67427,447.03229,9664.64784,15.37,64.70697,0.13955,8.09954,1.47587,1.35584,0.11793,7.08309,2.76635,34.85823,14.9044,72.32046,16.08608,145.32833,34.72198
Hadean--JH,187.08617,9.77183,454.0869,9197.41652,24.55339,83.46644,0.32807,8.33038,1.4701,1.57159,0.18437,7.19004,2.84732,37.58592,15.32521,68.8901,15.92521,141.48542,34.48934
Hadean--JH,224.35542,8.72485,844.27186,8512.57061,46.09352,79.97877,0.04423,11.1845,2.41099,4.24097,0.77213,19.20542,6.96677,76.63762,28.51386,122.96247,24.936,223.24327,51.14381
Hadean--JH,228.6003,4.17385,1043.56706,9715.85127,50.21321,92.31774,0.07574,13.05474,3.03753,4.11164,0.89022,19.69197,7.23622,87.55811,35.96062,166.31938,35.50287,313.86707,71.87428
Hadean--JH,271.05269,6.36391,402.98775,8421.72142,29.20074,128.07861,0.0975,7.0762,1.06556,1.50514,0.12041,9.17217,2.66502,31.37799,12.42087,51.60755,12.63191,108.87092,24.23089
Hadean--JH,196.47164,5.9329,641.80844,9709.45084,74.03683,158.63644,0.12205,19.13949,1.95172,2.20048,0.22195,11.0446,3.93587,52.12717,21.52162,100.11698,22.1538,191.08844,42.69576
Hadean--JH,320.39091,4.48795,1298.34366,9607.04398,116.62272,181.04212,0.11807,16.23719,3.70661,5.8187,0.7014,26.37684,9.73845,115.36898,45.32623,194.64637,41.72451,350.94225,76.80568
Hadean--JH,246.1274,5.6367,1369.65353,7409.31652,74.6085,201.48466,0.05766,9.84305,3.5765,5.70714,0.58734,27.30751,10.11222,112.84636,43.97579,177.14483,37.0619,304.81175,61.20166
Hadean--JH,272.98635,7.60753,555.52098,6726.54674,27.78945,143.20889,0.0733,4.03118,1.29713,2.32397,0.46968,10.91051,3.90561,42.82734,18.04786,78.24053,18.2194,169.20808,41.09424
Hadean--JH,303.99093,4.83723,1450.68371,10155.78782,118.85818,354.57075,0.08905,12.66919,3.99328,7.5714,0.97698,36.87005,12.66914,135.09704,47.80348,189.80171,38.30593,313.53082,68.20719
Hadean--JH,172.48005,10.0275,357.30142,9290.08806,29.38359,128.97484,0.20286,4.90632,1.03138,1.52531,0.26321,8.36639,3.00593,32.28393,12.51903,51.85531,10.93145,95.18875,21.35576
Hadean--JH,280.89595,14.86282,688.05351,9865.69591,187.90612,330.72693,0.13486,17.46466,1.85123,2.788,0.40173,12.28111,5.03422,58.37085,23.95163,106.04582,22.9638,204.33779,45.92064
Archean JH,225.63357,6.43821,513.68563,11252.22915,111.55477,85.59928,0.09695,18.48953,1.27147,2.05417,0.30242,8.85906,3.26613,41.47779,17.07936,80.6102,17.1808,148.35339,37.13083
Hadean--JH,308.98037,5.19438,1246.57757,8224.55131,46.37601,87.9053,0.05052,6.20689,3.42614,5.2505,0.77082,25.11578,9.45076,109.73886,44.41505,191.99403,41.35363,357.92141,80.81704
Hadean--JH,286.27237,4.55464,1323.53818,7377.14599,95.37929,200.58161,0.08873,12.55471,3.30313,5.72817,0.57217,28.73452,9.51119,111.72999,41.63559,171.22911,36.82668,283.59917,65.21786
Hadean--JH,114.41698,5.34749,302.49707,9063.00751,36.20625,115.46323,0.03197,7.91241,0.7419,1.53053,0.2547,5.8408,2.26078,26.65572,10.79352,47.31774,10.23509,95.28942,22.03034
Archean JH,180.89366,4.13484,1497.64753,10423.92152,143.11591,501.66313,0.05997,15.8071,3.25189,6.70939,0.68482,35.60115,9.91412,117.12922,48.01729,201.78262,42.36588,355.82827,80.56391
Hadean--JH,225.71845,3.64642,1427.51004,11085.54308,90.2802,177.97719,0.04232,15.62087,3.5999,7.30019,1.00812,34.91273,12.7836,129.25014,47.35764,192.38304,40.36058,326.41774,70.21636
Hadean--JH,183.23073,7.45834,911.32118,9197.41652,22.82312,50.04287,0.04041,6.94087,2.52635,5.21433,1.20929,24.33224,8.37237,92.50874,33.14071,128.69152,26.21994,209.36791,45.88551
Archean JH,250.70191,5.16247,1541.32433,11548.69117,221.33207,471.48579,0.15372,29.48277,3.57831,5.53521,0.43412,30.99464,10.0787,118.33413,48.895,202.58865,44.18724,373.59442,80.81271
Hadean--JH,162.45815,3.72977,265.39482,9715.88376,44.24923,323.2502,0.0906,5.86302,0.67731,0.60346,0.11598,3.60015,1.29475,17.44639,8.28675,41.7762,10.92373,109.88684,27.7157
Archean JH,302.98978,5.79593,906.74126,10778.38238,157.68393,307.69969,0.06461,26.27946,2.19268,3.38073,0.53698,20.97951,6.29612,73.48207,29.1753,122.95378,26.63767,233.76208,52.54808
Archean JH,453.01779,9.56492,1620.31383,8951.87048,202.77727,241.81034,0.43023,31.60962,4.12065,5.49616,0.95927,34.68845,11.2803,131.18717,52.87755,217.12609,45.33256,388.59404,85.18227
Hadean--JH,221.59041,4.59096,1799.79907,10208.68431,154.24143,266.06745,0.28745,19.06105,4.778,7.30019,0.73807,38.5284,14.2865,160.94385,63.36508,267.10829,54.8621,440.41407,97.46339
Hadean--JH,217.57523,5.05006,594.46324,9018.22994,66.6967,270.42212,0.06952,9.939,1.39946,2.30163,0.55526,11.34926,4.3949,49.55926,20.58782,90.44072,18.91041,164.71632,37.43451
Archean JH,340.665,7.43418,723.89964,7625.61395,69.55869,173.19734,0.09522,11.763,1.73822,2.94588,1.45628,17.94137,6.01266,62.95582,23.28965,96.34244,20.11908,166.38215,38.03787
Hadean--JH,132.49156,6.04704,101.80094,7882.5168,1.45743,22.8578,0.05749,0.81803,0.27367,0.35852,0.21211,2.66791,1.18076,8.95355,3.07534,13.20448,2.71383,22.12561,5.39818
Hadean--JH,132.49156,6.04704,101.80094,7882.5168,1.45743,22.8578,0.05749,0.81803,0.27367,0.35852,0.21211,2.66791,1.18076,8.95355,3.07534,13.20448,2.71383,22.12561,5.39818
Hadean--JH,362.40467,6.19938,703.98006,8951.87048,80.81159,198.0907,0.15203,20.30178,1.55406,2.43487,0.27154,14.86499,4.50188,54.9349,22.32229,96.3996,21.69676,189.27267,42.15325
Archean JH,249.37522,12.96443,2264.95604,10107.085,193.46128,227.54795,0.12376,19.09666,6.28591,6.93957,1.20973,36.09069,17.66509,194.40943,76.71865,311.02779,62.69803,504.07775,108.55711
Archean JH,238.6413,2.19389,732.05197,9536.05452,34.97688,107.49593,0.05946,12.56485,1.70521,2.66302,0.25053,12.65019,5.06775,61.33328,25.64077,109.754,23.62728,212.92341,47.80998
Archean JH,238.6413,2.19389,732.05197,9536.05452,34.97688,107.49593,0.05946,12.56485,1.70521,2.66302,0.25053,12.65019,5.06775,61.33328,25.64077,109.754,23.62728,212.92341,47.80998
Archean JH,326.22536,3.15844,931.03678,8687.14945,74.93395,203.17316,0.0394,7.11587,2.15221,3.37215,0.49875,17.69761,6.89792,77.90533,31.00828,140.01233,30.21476,267.33911,57.61573
Hadean--JH,204.74272,4.19895,485.90734,7132.4539,65.89678,266.29092,0.04311,10.12175,1.12493,1.73024,0.26603,9.81858,3.33811,40.61488,15.46455,65.8512,14.4622,116.99968,30.88618
Hadean--JH,163.71987,5.04127,498.17459,8730.1852,25.63628,60.87581,0.03356,5.42472,1.02236,2.11466,0.41788,9.96774,3.84904,41.12902,16.75907,73.73504,16.10204,138.08384,33.13614
Archean JH,181.29275,5.89006,458.78031,9559.60033,36.44653,126.03818,0.04788,6.85245,0.99743,1.87465,0.18194,9.03119,3.37249,38.8627,15.19431,70.57629,15.87325,144.17115,32.99542
Archean JH,515.19482,23.93276,3284.87237,9394.40645,256.99274,563.35307,0.38071,28.50097,7.25314,11.17625,1.65556,59.7399,22.52778,262.98717,107.84989,437.38305,88.21747,721.75926,149.59186
Hadean--JH,76.10831,4.09185,225.31587,10291.24623,43.36261,302.53952,0.04533,6.23413,0.49623,0.51852,0.1443,4.04718,1.16783,15.26665,6.60295,31.24466,8.28119,84.14269,21.85834
Archean JH,326.20296,5.28267,1106.51702,9546.80711,125.35766,516.2654,0.03728,20.89367,2.51331,4.09159,0.57802,20.55822,7.90076,94.17237,38.39035,168.83131,36.74172,320.67749,71.58109
Hadean--JH,239.37225,3.7655,871.93744,9851.36422,48.64055,239.75647,0.24694,9.87896,1.91868,2.95599,0.21985,14.87956,6.18905,70.63452,29.56509,130.15961,29.12467,260.67732,59.29972
Hadean--JH,228.48347,5.2563,1318.87344,9895.06328,150.85151,172.42862,0.09094,20.40574,3.12909,5.05619,0.82659,27.70889,9.87803,117.35894,45.08942,195.91949,41.34288,332.8141,77.54221
Hadean--JH,331.70104,6.9908,1303.22346,10568.69542,109.83412,265.48945,0.05917,16.31708,3.20578,4.59154,1.36671,28.41888,10.29319,115.35045,47.10463,188.57978,40.51046,324.84399,72.96468
Hadean--JH,265.03485,9.58341,2323.35355,8935.99684,172.09636,554.9456,0.09589,6.4503,4.78978,7.80921,1.20608,38.30926,14.99016,184.7121,74.4855,327.50171,70.34093,583.4577,125.61653
Hadean--JH,246.79648,5.74889,390.74854,7270.23379,27.939,128.58346,0.11965,5.03017,0.85443,1.20364,0.25788,7.14373,2.47237,31.25818,12.87139,55.63563,12.53641,111.83573,25.52733
Hadean--JH,213.11211,5.0107,957.34234,9172.41726,87.85875,408.9129,0.0545,13.8728,2.1225,3.12863,0.37768,15.83308,6.45071,79.21774,33.4869,140.43038,32.05005,278.04139,63.00231
Hadean--JH,365.13737,20.05026,2396.66892,7507.70325,112.62073,237.0299,0.64807,12.22552,5.28702,7.91314,1.61931,43.83639,16.79677,202.92709,81.29836,351.34659,72.4677,589.49083,130.20539
Archean JH,472.38869,6.24249,2677.12619,7789.32213,89.90354,160.90872,0.24158,8.62846,5.97124,8.67932,1.59536,50.65807,19.6717,226.95219,87.90598,360.71819,71.9181,579.69932,119.48251
Hadean--JH,141.91258,4.0732,422.42744,10728.87667,31.8196,150.71404,0.06035,11.75245,0.83154,1.39271,0.10887,8.80517,2.52778,33.46938,14.57225,68.94838,15.88816,140.05315,33.90542
Archean JH,100.63086,3.27829,324.06299,9517.43797,22.97613,66.21301,0.08864,6.67753,0.65704,1.08553,0.18295,5.53442,2.07843,26.55865,11.15781,50.21763,11.82582,101.32283,25.1378
Archean JH,186.61885,5.53324,546.222,8922.19807,25.54212,45.7097,0.05072,7.71294,1.09014,1.95223,0.28445,10.69563,4.09511,45.47295,18.58884,82.04571,17.95357,154.98413,36.38033
Hadean--JH,179.55901,4.3147,357.51663,9909.42727,54.40742,356.15342,0.11257,4.04204,0.76676,1.07718,0.26214,5.76689,2.49229,29.21722,11.55412,53.48882,12.45248,109.55994,26.30725
Hadean--JH,235.09374,9.22997,822.67295,14719.0366,57.92283,437.45157,0.33609,7.0017,1.81486,1.77223,0.28485,11.48026,4.72145,58.51278,26.5502,123.53887,27.27647,243.79884,57.8051
Archean JH,622.99988,14.33486,2462.76498,13720.73953,361.09442,920.30374,0.63539,20.47274,5.39184,6.39483,0.65754,35.92277,15.54645,192.14203,81.33853,367.81242,79.11083,666.76684,149.44917
Hadean--JH,198.21088,5.52204,602.15005,9444.92286,76.00685,364.12671,0.0445,13.58942,1.18473,2.20971,0.33874,12.13872,4.34898,50.69851,20.54817,91.54617,19.81782,169.41912,38.04153
Hadean--JH,100.82913,5.72859,220.17197,10503.13065,8.43047,67.80268,0.06806,2.31008,0.35138,0.97209,0.09298,4.10875,1.39021,17.02079,7.38762,32.50472,7.79341,72.40503,16.78564
Hadean--JH,233.45483,6.32424,1076.627,9382.32146,347.06728,623.45091,0.09479,4.88382,2.09149,4.11373,0.86006,20.16937,8.86572,92.96007,33.93045,135.93742,29.08135,247.34357,54.42144
Archean JH,448.4632,4.66594,542.80322,11284.88058,129.76896,215.73012,0.03217,8.74617,1.11247,1.79545,0.37387,10.87642,3.83889,46.43039,19.5135,92.21311,21.11234,177.79165,46.12657
Hadean--JH,160.38904,4.06845,223.45855,8585.19782,45.42859,237.67286,0.04732,7.17705,0.39237,0.58694,0.12222,4.2552,1.2974,15.90267,6.67027,30.78901,7.65852,71.27495,17.35579
Archean JH,243.74945,4.33484,1064.31548,10016.67144,81.56999,146.98443,0.06371,12.78581,2.06347,4.12758,0.29736,21.84309,7.85592,93.38238,37.42762,156.98314,33.17118,273.70612,60.8667
Hadean--JH,363.78804,5.83321,1849.98999,9834.30149,76.6517,200.43965,0.32083,12.66188,3.61788,7.55265,1.08034,41.61192,14.96817,170.1203,65.52029,270.09238,56.6174,457.37699,96.93838
Archean JH,68.03488,5.85409,118.59177,7290.08867,113.58591,275.05086,0.03191,1.21135,0.19582,0.30684,0.12742,1.88178,0.76651,8.51313,4.10914,19.29489,4.79859,48.89678,12.19598
Hadean--JH,226.00191,39.07861,3463.40116,9791.65273,222.11376,393.77168,0.2044,21.62375,7.9909,13.65061,0.43299,77.38667,30.73433,361.45513,144.16798,591.79605,115.33755,971.40813,187.18688
Archean JH,113.88529,5.39887,191.72597,9950.20507,14.47652,67.19827,0.0287,3.17898,0.37743,0.50107,0.11366,2.82381,1.2094,15.44256,6.03266,29.75368,6.6949,63.23688,14.9693
Archean JH,171.82019,5.99481,608.20828,9242.21952,23.80007,44.89063,0.08347,8.61165,0.93224,2.1496,0.36529,10.02013,4.01355,46.80768,20.79841,87.1382,19.01233,163.06402,37.1058
Archean JH,259.56064,8.27453,2218.26524,7418.09725,60.14757,109.38622,0.14334,5.8539,4.09883,7.63118,1.12377,43.62901,16.72939,193.89948,77.04941,309.9701,61.156,502.73566,105.70915
Archean JH,326.00805,3.58267,1413.17355,7415.94116,108.89499,279.49956,0.0701,12.71823,2.3657,3.8027,0.42029,24.18977,8.6431,106.7501,45.12428,186.19381,40.04241,317.54066,70.89242
Hadean--JH,472.18227,4.11052,791.46946,7946.68163,31.25057,136.79861,0.06525,7.56739,1.21874,2.53224,0.50029,14.13622,5.21311,60.80046,24.51893,105.07212,22.40857,203.52087,43.70088
Hadean--JH,275.47152,5.31534,719.75787,7011.03415,17.3754,78.43565,0.05006,3.99396,1.11333,2.01237,0.60841,11.4061,4.23636,53.22776,21.81084,94.30191,22.62679,210.11551,49.81647
Hadean--JH,281.70541,7.65583,748.89603,7313.26833,85.29437,325.28837,0.01824,13.04888,1.19188,2.80807,0.62743,16.93046,4.2831,62.53934,21.50505,99.29955,23.76738,187.01477,41.89009
Archean JH,305.6312,7.75667,787.47681,10304.69074,105.51131,372.54727,0.382,8.41219,1.58113,2.03314,0.78467,13.46457,6.06507,66.49369,26.0746,114.22743,25.38576,226.43065,51.42919
Archean JH,217.54794,4.95191,906.47369,8477.72479,87.48299,440.00664,0.05956,9.15391,1.47105,2.93958,0.24422,17.00346,6.3618,74.67645,29.87587,124.13914,27.1,238.89649,53.97176
Archean JH,265.48431,4.88541,673.64705,10330.81954,80.22836,228.84876,0.0363,10.73809,1.09415,2.26038,0.27347,12.30159,5.08544,57.80273,23.36058,102.58125,21.01262,180.72073,41.32034
Archean JH,327.86813,4.85833,969.20674,9639.04612,74.29578,116.67863,0.04804,19.02743,1.54003,3.35527,0.46354,18.15118,6.87079,82.80163,32.74938,145.24212,30.01941,252.08216,56.78549
Hadean--JH,283.08249,5.13371,676.36037,9730.46445,92.8401,230.31208,0.0519,11.42158,1.01641,2.18753,0.49358,12.58452,4.52337,54.51168,22.12041,99.07566,21.87139,199.01033,45.45479
Archean JH,231.47671,7.08998,472.27833,11184.19043,41.50263,83.59289,0.07049,12.0635,0.67016,1.294,0.17592,7.83809,2.76299,34.81353,14.94115,68.4071,15.54034,131.56016,30.03641
Archean JH,376.35487,7.89697,587.31427,11749.68321,83.92694,109.12325,0.15537,20.32319,0.7659,2.54074,0.22341,11.60303,4.00802,46.55899,18.15762,82.50102,17.81661,154.97649,33.17975
Archean JH,121.38793,2.51782,328.87135,12032.80658,29.26161,137.76323,0.02727,4.29294,0.5336,0.98684,0.23804,6.03857,2.68348,27.47112,9.7988,41.76551,8.77552,69.41115,15.04093
Archean JH,318.9142,2.52591,740.95377,8111.05213,52.90337,153.92726,0.09823,10.52312,1.12322,2.27907,0.2457,14.36832,5.00438,60.14387,23.2062,96.86923,21.4676,183.6619,40.10065
Hadean--JH,144.27914,25.82536,2920.24286,8491.63104,142.40786,201.81856,0.08365,8.2968,5.8358,10.16573,1.97373,63.748,25.3866,296.70466,116.45341,488.28402,98.7053,848.04507,163.4193
Archean JH,214.93101,3.44266,723.90299,9882.26243,50.61341,140.16761,0.07646,9.29856,1.27471,1.45513,0.15209,9.33499,4.06085,54.65102,23.79686,112.81285,25.19429,230.90853,53.66813
Archean JH,305.76268,5.56247,883.39832,10367.36754,89.763,203.12321,0.09571,14.34578,1.28359,2.57619,0.3835,16.0475,5.96017,69.5331,27.92822,131.31413,28.80318,243.41686,54.83391
Hadean--JH,199.62605,4.36352,538.29499,8022.54494,33.21622,179.3761,0.06131,9.2354,0.75562,1.46492,0.19584,9.2181,3.26915,40.7919,17.29171,74.92181,16.94807,153.12826,34.79768
Hadean--JH,236.20132,53.11861,3254.00237,9902.29288,335.62978,513.56621,0.14585,24.87611,6.39919,11.04447,0.39423,66.07384,27.08243,332.04501,132.4546,556.24646,109.65082,925.82959,179.41205
Archean JH,217.07292,4.18455,784.91194,9178.21523,52.21421,105.05305,0.03572,10.74747,1.29706,2.14654,0.26985,13.3874,5.56065,66.34808,27.70182,126.74647,26.78248,236.64706,53.28114
Archean JH,337.60409,5.31259,1632.00973,10938.33322,199.72288,384.17286,0.03989,24.0028,2.23651,4.52538,0.53372,25.03844,10.19359,123.8627,52.03604,239.48859,54.29493,489.68729,113.60942
Archean JH,246.41154,2.95692,558.56688,7187.0979,46.72358,266.48973,0.03106,5.34137,0.82373,0.99567,0.33469,6.35176,3.25383,37.53744,15.65665,71.73219,17.75628,161.36593,41.94132
Archean JH,180.48492,5.99694,348.92388,11212.8123,54.15509,138.57312,0.16766,11.57507,0.58639,0.82478,0.24939,5.81506,2.41589,28.68787,11.84941,57.90369,12.27779,113.1066,27.80233
Hadean--JH,350.37766,15.43454,1169.37216,9600.64355,73.11872,165.16262,0.05533,14.28738,1.63448,3.57409,0.99277,19.18295,7.71491,94.11041,38.04375,175.62025,39.36093,341.0104,79.60183
Hadean--JH,158.32016,2.15481,427.98279,11247.05031,24.84596,137.89533,0.02761,4.87191,0.67929,0.97617,0.20897,6.60556,2.81527,33.6949,14.913,67.59363,15.30623,142.26982,32.72759
Archean JH,148.11933,3.44717,327.24069,11109.69973,59.24509,383.7073,0.05769,4.53475,0.44082,1.20282,0.21137,6.18203,2.37636,27.21596,10.7889,50.96729,11.43746,103.6532,23.83156
Hadean--JH,282.03124,2.19472,1353.04001,9715.85127,91.00998,138.95221,0.04468,15.84499,2.11106,4.47022,0.45774,24.81154,9.50002,120.9991,47.11253,206.56421,42.36769,363.90284,82.21643
Archean JH,178.5933,6.19743,725.68731,7907.25682,30.50471,141.27846,0.02195,5.19546,1.07227,2.26038,0.23354,13.60829,5.26196,61.64557,25.48672,110.37522,22.59737,190.51686,42.97058
Archean JH,266.54844,4.749,782.57225,10783.98264,70.89069,294.59445,0.03119,9.9779,1.18495,1.97193,0.27262,12.50896,5.26269,62.86935,26.31139,113.66371,26.04672,228.12373,52.96663
Hadean--JH,298.81603,4.7041,1030.55193,11591.17698,56.71056,135.72875,0.04039,10.66455,1.31436,2.8453,0.11157,14.51918,6.23584,76.54055,32.98341,153.94179,34.77344,295.97163,67.98359
Archean JH,265.54155,4.51914,577.60659,9550.54464,61.71165,141.99783,0.117,11.41141,0.80845,1.424,0.40109,10.43551,3.86002,44.25688,18.75095,82.15727,18.11089,155.57211,36.43952
Hadean--JH,203.77569,6.28341,867.8658,11373.80679,103.87717,194.48995,0.04939,17.37152,1.5371,2.65489,0.28786,17.527,6.84303,84.75899,33.74577,151.57368,34.89765,324.0153,70.4422
Hadean--JH,139.26272,5.17852,651.96135,10283.32531,21.01348,96.16034,0.05011,5.2793,0.91804,1.6681,0.25152,11.23292,4.20298,51.78232,21.98779,97.69793,22.35468,191.79674,45.34317
Hadean--JH,298.70825,5.67994,1018.6517,9315.89386,84.93174,359.10103,0.10534,9.03533,1.40513,2.99646,0.33803,17.02031,6.88413,83.89339,34.91132,158.06833,34.28242,301.81554,68.6181
Hadean--JH,213.85111,5.05423,533.10295,7035.01808,45.18031,246.07708,0.04823,10.32329,0.95445,0.80928,0.29511,9.74362,3.24989,38.73745,17.85801,72.36092,17.34103,145.17714,33.85335
Hadean--JH,258.86548,6.57452,861.11571,9289.76531,45.14473,221.48912,0.04329,4.88813,1.26341,2.23333,0.42548,14.50144,5.64089,71.44998,29.76342,133.74026,30.67512,274.70745,63.73055
Hadean--JH,262.1186,5.12103,1019.2278,9956.58765,50.63333,161.45888,0.05615,6.29204,1.42643,3.03067,0.50058,19.90672,7.15628,86.18787,35.51458,146.91545,32.23779,282.02204,62.90362
Hadean--JH,332.84068,4.70598,1015.0364,10930.14951,97.79634,313.39015,0.08542,13.76781,1.39406,2.85823,0.25436,17.86118,6.76087,83.50347,33.53056,147.71255,31.42539,274.35512,59.50921
Hadean--JH,270.56748,2.17801,1014.00954,8002.96788,82.9148,366.53699,0.0063,13.00016,1.08005,2.35964,0.19549,13.62073,5.29091,66.20137,28.9225,128.97664,30.30626,244.29134,59.59105
Archean JH,319.43991,6.5558,719.96893,9312.22119,52.25784,91.70027,0.05489,14.52714,0.90187,1.7776,0.18234,13.38594,4.53201,53.88436,22.51151,98.21551,22.49803,192.55995,44.09198
Archean JH,354.83121,6.00434,1926.97609,9057.28964,278.08896,768.79854,0.06557,14.2628,2.36511,4.78628,0.58416,27.82083,12.27615,142.90983,60.88669,275.05005,58.41969,487.99733,105.85394
Archean JH,356.13531,4.29165,1002.02762,10483.60632,124.33472,641.99262,0.1089,11.07809,1.29314,2.44002,0.3455,16.30171,6.43476,76.40547,32.21781,147.36362,33.33788,287.19324,69.09148
Archean JH,170.84312,1.266,640.10013,10886.0145,117.25005,774.01047,0.03366,4.62935,0.80912,1.94423,0.19582,10.5904,4.07931,51.76573,20.21291,95.20343,21.81038,213.34668,52.06239
Archean JH,237.57268,2.29219,715.97514,8717.95861,65.99129,389.80107,0.07379,5.01911,0.78658,2.11353,0.29853,11.84089,4.35025,52.0459,21.85599,95.71081,22.21072,200.6554,45.40901
Hadean--JH,157.96421,3.14771,225.42629,9696.52941,6.03436,123.71921,0.16283,6.04783,0.24386,0.56722,0.10168,3.46478,1.2749,15.51956,7.33039,35.97202,8.79949,88.62526,23.72024
Archean JH,99.19287,3.07977,361.10497,11208.09191,41.19504,577.41185,0.03532,1.83328,0.39782,0.72615,0.2096,4.2843,1.90163,23.42763,10.63376,50.3009,12.18256,124.03659,32.98109
Hadean--JH,298.6992,3.78884,1132.96734,10419.89846,110.00766,289.31863,0.06798,12.16949,1.44703,2.46098,0.40572,16.20289,6.91683,83.23845,35.80926,166.70839,36.42925,328.51281,73.41108
Archean JH,627.94215,9.97209,630.9988,11184.19043,81.25029,228.92601,0.32128,10.28114,0.75172,1.12265,0.17416,8.20103,3.38984,41.25004,19.53453,96.59495,22.76738,207.70734,46.6845
Hadean--JH,80.32035,2.72774,1092.61135,8535.8871,61.14492,116.01748,0.00488,4.461,1.6104,3.54687,0.61124,20.78485,8.55955,103.94788,43.92051,194.12862,40.5092,381.87874,78.40774
Hadean--JH,146.98102,5.16609,547.63484,10459.56563,28.01684,124.28782,0.04244,5.98403,0.67168,1.3838,0.22371,10.09341,3.36793,42.47769,18.21456,80.80101,18.06261,154.25,34.60063
Hadean--JH,179.06374,4.38832,696.32136,6874.06078,10.21685,27.87499,0.11564,2.2109,0.89907,1.74751,0.45924,11.22549,4.62942,55.91294,22.92096,101.10719,22.03062,191.38721,43.28298
Hadean--JH,172.13174,3.5907,322.8139,10375.09546,44.75167,116.73148,0.03658,7.77121,0.38602,0.72266,0.01508,4.33906,1.91976,23.71932,10.41629,49.43961,13.68781,135.66561,33.17165
Hadean--JH,150.82946,3.01148,335.79956,10234.28602,23.56466,99.663,0.03833,5.89088,0.35977,1.03281,0.13064,4.41246,2.04714,25.37438,11.97205,55.45158,12.90637,108.18892,26.03694
Archean JH,277.66154,4.08876,856.58649,10391.55242,40.23435,143.72225,0.03449,11.73285,1.04212,2.29822,0.20938,13.05149,5.36403,68.73935,28.6982,132.00306,28.77445,255.35449,57.77093
Archean JH,198.43125,2.26999,568.53849,8850.7194,88.5362,480.28447,0.06365,3.98893,0.64422,1.70565,0.21262,10.02787,3.77003,44.99847,16.75649,73.88862,16.54343,145.70624,33.78166
Hadean--JH,160.3707,2.49418,376.83497,10362.2946,26.22481,106.16276,0.03153,3.91754,0.39979,1.04201,0.25694,5.00956,2.26646,27.92735,12.24331,59.12949,14.42445,134.01342,32.0248
Archean JH,254.66141,6.02437,658.07999,9970.76334,79.44236,298.3943,0.06113,11.03996,0.75162,1.8755,0.28609,9.85834,4.19402,51.99942,21.02769,96.73953,21.07815,181.05811,42.0453
Hadean--JH,159.74825,3.16441,891.96438,12900.64078,31.06676,102.29044,0.005,17.19572,1.26762,3.07319,0.17262,18.61827,7.24062,87.31429,35.89034,156.87126,35.48851,328.94312,70.41078
Hadean--JH,157.14416,5.3701,405.89748,9499.08759,40.3666,191.08804,0.04518,3.24806,0.44272,1.48329,0.3151,7.68375,2.9869,33.33595,13.6267,60.94874,13.02847,113.12874,26.6597
Hadean--JH,193.73734,4.62453,825.68919,9580.24216,34.05312,142.04841,0.02215,3.69574,0.95538,2.98676,0.4469,15.48409,6.17878,70.93814,28.73945,120.92932,25.4793,213.16765,46.45708
Archean JH,319.53549,2.15079,551.27164,10254.19062,43.21824,237.04915,0.07188,11.18711,0.54441,1.21933,0.68592,9.24354,3.13068,37.04057,15.91456,72.88674,18.78447,184.93075,46.43874
Archean JH,134.21508,3.2683,304.22447,11857.60677,38.36553,122.65983,0.04568,8.63785,0.3429,0.60511,0.12099,4.91577,1.59612,21.63564,9.32424,45.05697,11.1837,98.62489,25.66102
Hadean--JH,166.407,3.72804,465.65618,9587.84269,33.49902,86.66348,0.03364,9.01618,0.62077,1.00217,0.15338,7.87964,2.95059,38.22174,16.23284,74.65452,16.51554,151.5463,34.34371
Archean JH,205.0743,7.36797,228.24287,8313.35429,12.48623,101.05452,0.06245,2.59054,0.23564,0.46831,0.05492,3.08732,1.26538,15.70131,7.25691,32.68632,8.33253,78.93553,19.00302
Archean JH,238.14618,4.67554,330.433,8465.08091,36.71913,115.22742,0.05517,9.10462,0.33334,0.76167,0.14857,6.1149,1.91079,23.38345,10.46608,47.71451,10.34276,98.58228,22.6302
Archean JH,352.56366,9.09368,1543.093,7449.48765,50.06678,430.79281,0.05512,2.12908,1.25911,2.89346,0.40513,14.97539,6.3764,90.06839,47.2525,260.05045,67.18939,648.65339,158.27325
Archean JH,863.26656,5.13756,1632.9148,12211.61531,284.95022,870.10648,0.03775,29.94323,1.7179,3.41163,0.78531,23.19299,9.87913,117.4426,50.94138,236.87894,53.49796,478.47765,118.50581
Archean JH,262.71975,5.37168,631.89846,9909.08852,35.08954,213.09277,0.12737,5.73853,0.61877,1.82793,0.25626,9.01032,4.0757,47.8344,20.14269,93.09859,20.83697,180.52771,41.21279
Archean JH,149.77798,3.78095,329.1805,10355.89417,26.69563,167.85765,0.04371,3.06927,0.35365,0.89122,0.11397,5.35215,2.23216,26.55379,10.74693,45.62024,10.35696,95.94448,22.44916
Archean JH,164.46141,3.90668,410.03869,11951.2105,64.81267,314.3679,0.07139,10.00913,0.42955,1.19356,0.20288,6.46762,2.59832,33.18832,13.55358,59.89331,13.89436,124.57208,29.16452
Archean JH,382.00005,3.80797,2247.7769,11514.37183,178.324,306.75701,0.05565,22.13143,2.43839,5.80092,0.358,35.54508,14.64276,180.84342,74.61804,339.57021,75.06427,646.55021,144.62211
Hadean--JH,215.54069,4.5353,399.63689,8389.2176,34.81888,252.96687,0.05033,3.12273,0.41101,0.865,0.20801,5.62328,2.36136,29.57292,12.68106,56.66881,13.33685,123.61292,28.11182
Hadean--JH,144.7385,4.76333,290.14147,9621.27267,20.57536,127.11515,0.06137,4.51603,0.3132,0.75135,0.20212,4.69065,1.98461,23.89944,10.00458,44.67422,9.93738,93.71173,21.14198
Archean JH,204.40522,4.01236,455.96922,8111.05213,31.02753,181.7228,0.05481,5.42454,0.44171,1.01214,0.2118,6.92458,2.54919,33.24984,14.32564,65.9362,15.69813,143.62022,34.65666
Hadean--JH,89.7548,3.23886,848.22928,8602.27119,51.43193,103.64341,0.00994,4.80052,1.03767,2.35696,0.44187,14.76636,6.09829,78.78054,33.82747,146.65947,32.42022,292.0699,62.97943
Hadean--JH,179.27705,3.90665,541.75777,10646.78904,50.11961,249.11881,0.02993,6.54588,0.56892,1.5464,0.1918,10.45498,3.92298,45.88942,16.63783,71.10471,14.61799,123.29348,26.08369
Archean JH,199.85343,5.63488,405.76418,10376.83655,18.9206,115.1017,0.0178,3.42164,0.41687,0.77063,0.06303,5.44199,2.27996,29.95281,13.20784,64.16248,14.61122,130.56797,31.24817
Archean JH,248.0128,8.37884,542.13132,9677.3294,32.69639,103.65309,0.02875,7.64685,0.67323,0.9451,0.20411,8.33089,3.54641,43.53127,18.16352,84.15951,17.93857,160.78289,37.11084
Hadean--JH,397.84167,5.10209,1580.70296,9751.47508,112.75418,406.64031,0.07406,13.53406,1.66239,3.71885,0.43521,23.3012,9.91834,127.79176,53.09554,245.07104,54.33279,471.92404,108.59979
Archean JH,200.75546,4.91462,368.85448,8838.99249,4.28684,30.068,0.04773,2.72637,0.36958,0.88509,0.11404,5.96065,2.51141,29.19413,12.11358,53.47117,10.73691,92.27498,19.48711
Archean JH,657.76133,6.29878,1562.22426,11296.75724,173.30974,372.81149,0.21398,13.60383,1.75994,2.45546,0.47309,18.29146,8.71869,114.98069,50.86212,245.21764,54.91566,487.39655,111.13915
Archean JH,231.69674,4.77689,708.05321,9619.11201,52.29805,322.05342,0.04831,5.75974,0.61412,1.85918,0.25628,10.45359,4.1889,52.3201,22.84378,107.18618,25.57508,229.66172,55.44525
Archean JH,473.90277,1.5069,1070.80249,10494.42443,118.28367,403.1806,0.06875,34.05428,0.97038,2.43757,0.51773,20.96277,6.48786,78.70355,33.75073,146.08657,33.14002,297.3115,66.20533
Hadean--JH,102.12158,21.69098,418.94434,9985.27299,11.48259,114.52357,0.15339,7.88256,0.48405,0.86249,0.09539,4.58007,2.49707,35.41749,15.79251,78.66217,17.44973,164.84018,31.26245
Hadean--JH,436.51662,6.38687,2033.44312,11521.5945,361.01485,909.99896,0.01385,15.31117,2.01063,7.48199,0.2832,41.04846,15.03324,181.11531,70.0797,301.5607,62.41325,514.97866,108.77446
Archean JH,419.16987,2.08849,1030.01626,10302.96572,97.03918,537.17975,0.09051,5.13028,0.93794,2.25553,0.32044,15.12728,6.13624,75.73775,33.25697,158.86771,34.73004,323.08396,75.7178
Archean JH,187.39772,4.39057,362.86854,8698.18305,5.49214,31.46835,0.03676,3.15891,0.3535,0.90348,0.14788,6.1181,2.37185,29.35429,11.82206,52.65778,10.78644,89.46532,19.117
Hadean--JH,312.58352,4.8053,800.93177,10573.80608,54.52171,230.14655,0.06009,10.73959,0.7436,1.99054,0.22796,11.81882,4.9857,62.7037,27.00528,120.29635,25.99501,228.67358,51.82881
Hadean--JH,169.93085,2.43431,237.76101,13303.3847,42.13828,363.4475,0.03264,2.73613,0.28159,0.60408,0.29329,6.92181,2.66357,22.47058,8.97984,34.96973,7.31244,59.92235,14.46911
Archean JH,314.49671,2.87916,717.88837,10502.96067,97.99222,484.33281,0.0593,8.70701,0.65841,1.50508,0.19194,9.86666,4.12113,53.94169,22.9751,105.55267,23.55797,208.89963,50.5263
Hadean--JH,193.67716,5.70588,412.58787,9225.57356,4.82703,68.84531,0.05942,5.11071,0.36954,0.97244,0.06364,5.9902,2.45623,31.6353,14.00587,67.39105,15.41798,141.78549,35.98301
Hadean--JH,196.34519,2.93467,698.46945,8837.52872,37.77945,115.04598,0.05359,6.54561,0.63094,2.05638,0.54787,12.13598,5.11983,59.13889,24.74885,105.36061,22.74895,187.36405,42.83362
Archean JH,200.28453,1.07474,491.16546,12667.64773,55.72699,525.5578,0.04291,2.43899,0.48012,0.76472,0.08651,5.81994,2.75557,37.18947,16.92428,74.36509,17.60998,162.73238,37.60011
Hadean--JH,237.46331,5.24254,627.85489,9509.43736,36.46779,145.69312,0.07581,5.74778,0.5955,1.09027,0.19603,8.95478,3.84923,48.74306,21.13036,99.57471,22.39477,198.51627,45.96149
Archean JH,112.43084,2.52795,448.4442,11866.39543,30.53283,98.73824,0.05006,3.70127,0.44903,0.62704,0.14907,5.78222,2.57145,33.30509,15.27031,72.92166,16.86554,158.63387,39.10645
Archean JH,227.20062,3.4776,419.04276,12590.02503,41.43572,346.24039,0.05232,7.89698,0.35868,0.74729,0.05111,5.54284,2.4253,30.95877,14.07457,70.43119,16.16517,144.24298,32.95987
Archean JH,584.01491,2.45989,1370.01611,10330.05393,136.46972,709.6537,0.62857,10.05129,1.26353,1.83548,0.18646,16.57004,7.33319,95.59986,41.91093,191.39031,44.32911,388.47588,86.89516
Hadean--JH,125.06351,2.63847,442.35497,12142.75964,38.30637,263.73839,0.04293,7.24194,0.41234,0.76109,0.11692,5.91972,2.64457,34.20105,15.10806,65.60399,14.81798,130.02476,29.40539
Archean JH,431.65488,4.82921,906.81593,8857.04134,81.20209,385.27327,0.06598,9.9014,0.70489,1.96639,0.20225,13.2179,5.18137,66.5347,27.00597,116.96944,26.51285,236.41064,51.12583
Hadean--JH,187.67198,1.40097,512.91471,11941.63403,32.56368,407.23026,0.05367,2.70266,0.43088,1.31523,0.35172,10.39898,4.00598,41.89423,14.88268,57.34669,11.46694,93.37883,19.67444
Archean JH,226.29084,1.86379,1382.19107,11769.84586,186.25317,839.31081,0.03908,4.80074,1.21399,4.36633,0.63578,28.61626,11.04997,124.25036,45.43545,189.43064,38.30019,304.90945,66.26819
Archean JH,972.12655,8.19641,1255.70619,12570.3142,160.40467,637.23746,0.02268,9.87138,1.15043,2.67574,0.27562,19.20369,8.53897,106.63883,45.64319,208.15412,45.01445,368.24467,85.11517
Hadean--JH,113.68091,5.53891,716.17229,12087.43572,30.25117,236.03751,0.00971,12.65781,0.67161,1.59317,0.1447,9.67678,4.85707,63.11121,28.86171,135.26269,29.76166,267.24112,52.87229
Hadean--JH,78.85015,2.96426,224.86252,10520.9527,22.34504,228.11585,0.03712,4.03617,0.16313,0.44268,0.14604,3.05974,1.2089,15.95142,7.18651,34.49108,8.98435,85.98633,21.25463
Archean JH,488.39945,5.33766,868.83681,12126.67839,122.72991,649.55958,0.17263,7.71629,0.66378,1.26446,0.06315,10.10705,4.48872,58.25746,27.44799,124.7828,27.81809,249.93431,54.36823
Archean JH,624.90433,15.53787,1541.17745,11474.65984,148.38735,564.29323,0.0727,7.80573,1.3589,2.62586,0.1841,17.85715,9.2892,120.25273,51.54021,237.84735,52.25278,449.85164,100.7135
Archean JH,209.49016,1.80426,782.64959,11788.60402,146.64585,800.92173,0.04846,3.33163,0.6378,1.92397,0.28823,13.54345,5.85302,64.73459,25.90971,104.91724,21.86789,182.28483,40.09893
Archean JH,209.49016,1.80426,782.64959,11788.60402,146.64585,800.92173,0.04846,3.33163,0.6378,1.92397,0.28823,13.54345,5.85302,64.73459,25.90971,104.91724,21.86789,182.28483,40.09893
Archean JH,116.02404,1.07711,330.08056,13460.35679,73.00085,603.08341,0.02993,1.82409,0.34224,0.47464,0.07558,4.68131,2.2356,27.36408,11.39487,47.23896,10.16545,87.44575,20.99498
Archean JH,468.10487,4.59828,1159.55595,10426.29889,28.03748,93.87663,0.03553,5.62531,0.91205,2.47385,0.26181,16.73733,7.47706,97.75058,40.13009,184.21383,40.73056,347.24036,80.41316
Hadean--JH,151.24874,11.91209,885.63728,8209.49868,39.24743,100.71197,0.00742,11.89966,0.78112,2.34853,0.18662,16.06462,6.99382,86.30181,35.38851,158.23051,33.30306,293.3676,58.6628
Hadean--JH,218.10934,3.49465,1229.65279,10915.01813,148.45746,785.49684,0.04064,11.06374,0.75997,2.1812,0.20632,14.92774,6.69783,84.28317,36.47882,166.44226,37.65095,325.93154,73.64405
Hadean--JH,200.39702,3.59461,772.04864,11267.49875,56.96077,316.37153,0.05967,7.39349,0.53654,1.2968,0.16721,10.18363,4.20747,56.75864,24.33856,108.16991,24.51105,211.0797,48.51594
Hadean--JH,397.92349,2.42645,1135.60757,10480.39862,130.90381,661.47756,0.04435,7.45063,0.81255,1.9328,0.49753,16.88502,7.11088,85.84849,37.61334,173.53264,37.82238,336.43131,78.54665
Archean JH,346.28491,3.30666,756.06662,10192.04089,45.04898,124.78003,0.00932,6.50375,0.58301,1.33796,0.18546,9.40108,4.58883,61.08257,26.59217,123.05104,27.24246,234.3941,54.63269
Archean JH,298.50448,2.88089,624.99032,10419.89846,34.32296,122.14795,0.04951,4.68738,0.41926,1.10575,0.30017,7.68107,3.49654,46.24466,20.90485,103.1937,24.59239,222.15689,52.63036
Archean JH,116.14844,1.63432,303.47914,12330.15774,48.77251,451.03363,0.04051,1.8823,0.20786,0.42053,0.07723,3.52055,1.76083,21.43922,9.57711,44.37721,10.59509,91.57408,22.048
Hadean--JH,1175.21271,6.46113,2249.13253,12876.15201,124.89922,390.97049,0.07942,11.44873,1.44835,3.42271,0.17084,25.3557,12.04214,157.17263,69.85898,325.52753,72.5998,640.41936,134.31305
Archean JH,206.75335,2.26495,747.1147,11341.23357,137.45535,917.32497,0.02122,3.98413,0.51699,1.95707,0.23654,13.17168,5.30491,63.19851,24.01444,104.71571,22.86026,203.27011,45.51892
Hadean--JH,374.83673,4.5953,1195.84432,10231.83938,82.87282,189.43773,0.05326,14.57506,0.80045,2.61553,0.09057,17.8578,7.56434,97.9317,40.97601,174.04314,35.86086,285.81982,60.94036
Archean JH,219.4006,3.37164,683.31002,9970.76334,83.99327,382.82384,0.044,4.86665,0.36741,1.02837,0.40766,7.58453,3.46402,46.1349,20.38681,98.55999,23.95461,221.63953,54.3759
Hadean--JH,198.17111,6.77144,402.72758,10786.82447,35.60278,240.368,0.19398,8.60699,0.26869,0.50372,0.11956,5.79045,2.16029,30.77204,13.33761,63.53318,14.7809,130.16083,31.68319
Archean JH,601.68221,4.30219,1365.66695,10042.27315,37.00664,132.08254,0.04867,5.34964,0.79669,2.28874,0.26592,17.00182,8.14466,109.20497,45.54735,213.88467,48.63935,419.06364,95.88687
Hadean--JH,178.97171,4.31457,2170.63976,9905.10172,118.70173,380.63991,0.05937,4.9984,1.3693,2.88612,0.6155,24.17139,14.14623,171.9433,70.9322,294.94772,62.2157,506.24538,106.57919
Archean JH,528.00782,2.33804,1123.44397,11803.36397,87.20129,480.14164,0.02306,7.02874,0.57256,1.50362,0.17256,13.62171,6.29198,84.22226,37.32494,168.51509,38.30124,340.39027,79.12141
Archean JH,332.75164,2.57528,1121.15766,12684.45564,164.62392,990.58169,0.07211,7.51503,0.51098,1.15756,0.21865,12.42558,6.02177,82.38738,34.69636,165.1162,38.2117,334.00218,80.41721
Archean JH,677.23325,5.62162,1927.45258,9683.84913,79.45129,150.36642,0.07466,7.54374,0.72387,2.5425,0.18592,20.88481,10.63945,145.80076,65.93454,300.10339,68.39755,572.38348,126.81033
Archean JH,342.65189,4.31457,966.78406,10604.12229,46.39756,334.89705,0.05531,4.22221,0.28039,0.50865,0.05114,4.74028,2.69126,48.5911,29.47979,155.39262,36.40126,331.66861,78.04828
Archean JH,175.27094,0.67407,512.42602,13643.70019,76.45327,716.17199,0.04643,2.03081,0.14741,0.6994,0.08172,6.1459,2.89306,39.14182,16.84259,81.52791,18.32254,163.92591,38.77863
Archean JH,141.53226,2.46961,807.08953,13687.33768,101.10938,935.69189,0.05552,3.07395,0.16174,1.0584,0.14788,9.22399,4.28649,55.8797,25.00203,113.70875,25.7322,228.74334,55.57182
Archean JH,150.85406,0.56346,251.99841,14462.38813,41.02823,487.57497,0.01839,1.44148,0.05597,0.27772,0.06884,2.70749,1.38012,19.32163,9.19405,44.57633,11.79002,115.47463,28.58919
