label,type,P,Ti,Y,Hf,Th,U,La,Ce,Nd,Sm,Eu,Gd,Tb,Dy,Ho,Er,Tm,Yb,Lu
1,S,1889.999999,4.600000003,4409.999995,12740,147.1000001,1157,0.73,3.600000002,4.199999996,7.899999995,0.13,56,25.8,364.9999996,146.5999999,738.0000003,160.0000001,1479.999999,291.9999997
1,S,883.0000009,8.299999993,1642.000001,11549.99999,82.20000009,279.6999998,0.561,6.840000004,3.710000003,3.990000003,0.237,21.09999999,9.049999996,125.8,52.4,275.4000001,58.6,529,108.7999999
1,S,675.0000003,9.900000009,2095.999998,9860.000001,226.9999999,328.0000002,0.27,11.49000001,2.000000002,4.920000003,0.800000001,36.40000003,14.12000001,182.1000001,71.40000004,342,67.70000005,579.0000004,116.3999999
1,S,500.2041643,5.136651918,932.9822492,12656.14381,41.74456521,247.0030421,0.240383984,2.317059477,1.288371375,1.941735041,0.131115106,11.36568509,4.835165668,71.23874353,30.18598459,161.8429441,37.5480765,368.5321179,72.76703897
1,S,1336.999999,12.89999999,2374.000002,12240.00001,48.84999999,275.4999999,0.216,3.150000002,1.64,3.990000003,0.538,28.90000002,12.75999999,198.8,81.09999996,421.2999999,95.79999998,884,173.9
1,S,969.9999994,7.899999995,2073,11210.00001,138.2,390,0.215,6.299999993,1.530000001,3.990000003,0.385,27.6,12.27000001,174.3,69.00000004,349.7999999,78.19999999,696.9999998,137.8999999
1,S,1093,6.800000005,1800,11610.00001,24.10000002,169.0000002,0.21,1.319999999,1.26,2.969999998,0.066,22.39999998,10.30999999,142.9999998,59.4,297.9999999,62.99999993,564,114.8
1,S,1194.999999,7.199999993,1701.000002,10590,45.00000002,258,0.206,2.59,1.280000001,3.209999997,0.123,24.80000001,9.860000001,140.0999999,56,278.2999998,58.69999997,538.9999998,105.9
1,S,1456,3.100000001,3019,12370.00001,72.79999995,705,0.18,1.750000001,0.980000001,2.69,0.06,30.30000003,14.49999999,225.7,97.20000002,525.9999998,117.3,1093,216.5000002
1,S,282.0784393,1.576624809,1387.3683,14781.00208,327.7033801,904.3814628,0.174899381,6.830212334,1.197097545,2.416634421,0.127344493,17.06347325,7.130733587,112.1903237,44.85755931,217.5095716,49.48715898,566.5181536,83.81050297
1,S,1173,12,2658.999998,8990.000006,119.6000001,333.0000004,0.174,2.84,5.929999995,12,0.41,64.30000001,21.2,255.3000001,91.70000007,413.9999999,80.49999993,678.9999996,130.7000001
1,S,278.1489866,3.366202855,1648.907381,12970.23802,279.7333627,1090.151862,0.172972842,14.56946472,0.967000285,2.465288183,0.369904466,20.61174301,8.878373557,134.3141695,53.19554198,265.3711796,60.04725378,554.3313849,102.394953
1,S,1878.669791,4.47867683,3524.919441,11612.14419,70.75978261,614.1812133,0.16979033,1.768604904,1.622587709,3.610513498,0.173455498,32.36310267,16.50435095,261.0729052,115.7323573,616.1210644,136.3870384,1267.145522,237.7239506
1,S,1438,9.800000007,3220.000002,10540,277,342.0999999,0.159,13.3,3.820000001,9.400000009,1.679999999,59.29999995,20.72,269.9000003,112.7,570.9999997,115.7999999,1053,215.9999999
1,S,1303.000001,6.299999993,2773.000003,10745,157.3000001,541.9,0.156,7.979999994,1.8,4.859999997,0.521999999,37.07,15.43,240.1,95.70999995,489.5999998,109.41,990.0000009,179.7
1,S,1617,10.30000001,2799.999998,9260.000007,107.1999999,522,0.151,1.989999998,3.680000003,11.59999999,0.5,73.19999999,24.39999998,285.9999999,91.99999993,387,71.59999995,573.9999995,107.3999999
1,S,787.5200253,6.461128196,1440.147388,12242.72716,47.69201139,454.9403904,0.13811133,2.329399393,1.64502629,2.519989777,0.279634284,17.16151673,7.480597435,111.0186454,46.92326463,245.8801934,57.53190942,533.1669568,105.3625245
1,S,1251.000001,10.20000001,2717.999998,11971.00001,173.9999999,397.0000002,0.138,3.35,4.139999999,8.520000005,0.382,56.09999997,19.26000001,261.7000002,96.59999991,450.8999997,91.79999996,793.9999992,141.5
1,S,1214.004401,6.111644804,2093.031314,11261.71652,62.1260267,474.3767911,0.127552666,1.206770964,0.766048746,3.120308628,0.093400081,24.93649676,11.40470035,169.3961974,68.37546093,359.101026,79.23508935,737.5181711,144.3041301
1,S,649.0000003,3.999999997,3239.999998,10599.99999,348,549.7,0.12,12.04,4.9,9.699999994,1.48,66.09999993,23,293.9999997,110.9,525.9999998,102.9000001,880.9999992,170.6000001
1,S,1030.999999,7.100000005,2050,14260.00002,59.10000002,520.0000004,0.118,2.6,1.120000001,2.59,0.4,21.00000001,10.28000001,151.5000001,65.00000005,350.9999996,80.19999995,752.9999997,157.5
1,S,244.9999998,4.999999996,1979.999999,9530.000008,394.1000001,441.4000002,0.117,21.90000001,5.190000002,9.760000007,0.217,57.39999995,17.69999999,201.3000001,69.09999994,292.9999998,54.89999994,449,84.69999994
1,S,636.522317,9.358175014,1265.963178,11335.14623,133.6170755,239.8834444,0.115708702,12.17972694,1.414973153,2.655831906,0.412009175,19.94008935,7.884596538,106.0767763,42.13095533,205.097367,42.3899775,378.3501147,71.43937181
1,S,977.6999996,6.090000005,2042.000001,11260.00001,97.55000006,373.0000002,0.106,5.309999999,1.26,3.610000001,0.52,25.64999997,11.24999999,170.1000002,69.39999993,357.8999997,80.80000004,734.9999999,138.9000001
1,S,1317.999999,9.30000001,2529.999999,11070,90.1,371.0000003,0.104,3.359999997,1.549999999,4.429999998,0.5,33.5,14.33999999,198.5,79.79999994,406.9999998,84.89999995,767.0000001,154.0000001
1,S,154.7447733,7.495922988,400.8504209,12673.45949,144.9778857,214.0355461,0.100427987,12.79176726,0.648758711,1.203596524,0.386189897,6.367751341,2.181943683,30.53682892,12.46736973,65.05153007,17.6287084,210.8394987,34.71748456
1,S,1126.000001,14.10000001,2368,11930.00001,81.86999993,451.3000005,0.098,2.839000003,1.589999999,4.19,0.29,30.49999998,13.58,203.7,81.99999993,415.7000005,94.99999994,859.0000003,155.7999999
1,S,372.0000001,43.80000005,1594,7349.999999,85.09999998,175.0000001,0.096,4.340000005,4.469999999,8.060000004,0.929999999,43.99999995,13.67000001,153.9000001,54.99999994,248.0000001,47.60000003,402.9999999,80.90000007
1,S,200.3395745,3.175322531,2011.716903,12520.948,421.1086923,1245.599912,0.095012494,11.49762924,1.520712375,4.715952922,0.072692361,36.39374711,14.02876147,185.7356419,71.73505738,331.44802,68.5429661,594.5258425,108.3269835
1,S,1982.723806,3.623190342,4014.953484,12174.38605,94.11945203,712.0901624,0.092253751,2.049595038,1.158159004,4.276948088,0.255187002,37.73175137,18.74636834,300.0047597,128.7932466,694.5083203,156.5406321,1477.966819,279.3588145
1,S,869.8454298,5.484206523,1653.053293,11437.02064,79.13189025,467.7305845,0.08905866,1.745912679,1.231095526,2.772092686,0.249834495,22.69099196,9.525696494,133.1296444,54.76696784,284.4997047,62.69968919,598.6912143,113.6347061
1,S,624.9999995,4.010000004,1271.000001,12040,115.7999999,344.9999999,0.089,5.15,0.719999999,2.08,0.155,16.80000001,7.159999995,100.8999999,41.00000003,208.9999999,43.29999996,399.0000003,81.50000005
1,S,238,30.10000003,609.0000005,7120.000006,37.20000001,63.09999996,0.088,3.12,2.000000002,4.139999999,1.04,19.89999998,5.720000003,63.80000004,20.59999998,85.00000006,16.29999998,135.9999999,23.8
1,S,176.2,7.199999993,605.9999998,10900,171.9000001,242.5,0.088,13.76999999,1.09,2.059999998,0.74,10.08,3.330000004,47.40000004,18.16999999,99.00000009,23.84999998,245.2000001,55.90000001
1,S,1791.000001,4.700000001,3649.999996,11239.99999,98.80000009,575.9999994,0.084,1.620000002,1.879999999,5.440000004,0.093,47.89999995,21.25999999,302,120.9999999,601,123.1,1096,210.9999999
1,S,1184.999999,4.35,2203.999999,11745,65.80000006,520.9999996,0.075,2.509999997,0.930000001,2.740000001,0.345,22.00000001,11.19000001,180.2000001,76.10000004,407.9999999,99.19999996,951.0000001,175.6000002
1,S,1095,8.700000008,2314.999998,9800.000007,117.9999999,256.9999998,0.074,4.560000004,3.130000003,5.510000002,0.580000001,42.40000004,15.56000001,199.4,76.79999999,366.9999998,72.50000007,619,117.7
1,S,1933.05257,7.036359966,3962.844635,11710.55758,99.64742855,506.5129996,0.071700091,2.454247956,1.722310844,5.252902175,0.323346465,41.99803634,20.08809123,309.6331065,126.2848905,653.5054247,137.2861775,1280.979436,221.5971206
1,S,763.8954742,4.351083893,1671.828768,10505.41134,147.7689465,365.4606422,0.070804553,11.90884301,1.1599212,4.147028939,0.663540432,27.09011115,10.50275846,142.0743187,56.19958816,280.2526346,62.61619798,584.5428558,113.3708934
1,S,1033.000001,6.900000004,2330,10350,148.9999999,276,0.069,5.370000004,2.249999999,5.849999999,0.659999999,41.99999996,15.51000001,203.9999998,78.10000002,385.0000004,76.70000001,677.0000005,135.9999999
1,S,931.8412231,5.527708745,1663.83435,11597.60251,54.87047376,390.2991532,0.068603445,0.836917149,1.080889139,2.660870851,0.112226283,20.9360181,9.560909757,134.2344445,54.22353198,286.7507484,62.03448784,579.7636093,111.1712761
1,S,1136.531013,7.042448617,2195.306306,12508.6562,85.3200136,309.0379733,0.067109908,4.795272613,0.977340253,3.250298115,0.359744512,27.52446213,12.12128975,177.4639864,72.86005588,369.6016957,80.2352642,716.5003997,132.1942569
1,S,1410.000001,12.99999999,2330,9550.000009,56.50000002,332.0000002,0.066,1.849999998,3.659999997,8.299999993,0.197,53.70000004,17.2,206.9999998,76.49999997,351.9999996,69.19999993,599.9999995,116.8000001
1,S,839.0000003,7.299999998,1900,11439.99999,142.1,308.9999997,0.066,9.900000009,1.319999999,3.880000004,0.55,31.60000003,12.23,158.9999999,61.30000007,300.0000002,59.69999998,519.0000002,101.0000001
1,S,1215,11.70000001,2741.999997,10510,176.0000001,508.9999996,0.064,2.660000002,4.17,9.02000001,0.335,54.20000006,19.69999999,262.9999997,97.60000007,456.9999999,95.40000007,825.9999994,143.1000001
1,S,2113.06328,8.387273324,5734.391052,12060.73761,317.0523708,650.6620917,0.059299561,3.680149834,8.276401086,19.19658702,0.369300333,105.3439418,36.49791757,488.8421843,171.3076096,735.9714392,158.9589499,1574.192243,219.4716501
1,S,1122.999999,7.800000006,2255.999998,11280.00001,68.60000005,465.0000001,0.058,1.44,1.909999999,4.700000001,0.24,31.00000001,12.64,178.2000001,73.59999994,376.9999998,80.40000005,735.9999994,144.9999999
1,S,1286.924139,4.715571367,2499.308108,12288.26584,106.5212571,675.1657622,0.056906647,2.273308915,1.112669873,3.450982476,0.231734491,29.99316475,13.69807151,198.6981699,82.04343667,422.0622132,92.30696801,860.6304841,159.0072231
1,S,683.0000005,9.599999999,1410.000001,9699.999994,66.29999994,215.0999998,0.056,3.069999997,1.27,3.860000003,0.356,27.3,9.550000009,124.5999999,47.99999996,229.6999999,47.20000004,419.9999996,85.99999995
1,S,1706.000001,3.9,3310.000002,12000,87.1,926.9999997,0.056,1.05,0.870000001,4.060000004,0.049,34.9,17.19000001,260,109.1999999,582.0000005,129.9999999,1231,250.0000002
1,S,1801.032318,5.20722588,3415.439667,11806.71908,80.31186126,548.0432701,0.053884041,2.167602564,1.28549849,3.870080592,0.189763571,35.3653967,17.98189353,263.032115,113.6294721,572.0377213,129.3380104,1217.670282,218.3398256
1,S,793.9999992,4.799999996,1750.000001,10820.00001,137,388.0000004,0.053,2.68,0.8,2.699999999,0.232,22.39999998,9.13000001,137,58.00000006,298.9999998,64,590.0000005,120
1,S,535,4.9,1059.999999,11930.00001,43.59999997,556.0000005,0.052,10.9,0.61,1.9,0.35,12.29999999,5.12,79.39999992,34.2,193,46.40000005,472.0000004,100.2000001
1,S,634.0000002,3.499999997,1207,10689.99999,126,435.9999997,0.05,3.640000003,1.05,2.3,0.103,16.4,7.039999998,98.00000007,38.80000004,196.9999999,40.9,363,72.50000007
1,S,1606.53714,4.686866594,3319.090643,12497.25884,74.08844863,529.0381585,0.048242953,1.975813107,0.898043612,3.823077069,0.158074804,31.92492466,16.1286681,251.7492596,106.2869662,567.9146121,126.0501303,1162.564842,220.1489097
1,S,811.0459893,4.941778778,1492.249679,13372.18333,43.47843657,408.4764057,0.046673782,2.336415351,0.699205349,1.670017703,0.121242412,16.92499547,7.833247919,118.3985637,46.05159409,232.7062362,51.25914407,477.8103479,91.34048452
1,S,1105,5.6,1840,9470,65.39999995,392.2999999,0.042,2.6,1.889999999,4.700000001,0.224,34.70000002,12.6,158,59.50000004,285,58.09999995,506.0000002,101.0000001
1,S,1344.000001,8.399999999,2661.000003,9179.999996,110,315.0000002,0.041,2.890000002,2.710000001,7.440000008,0.165,50.69999996,17.97999998,232.9000002,89.90000006,424.0000004,83.90000003,734.0000001,144.1999999
1,S,1534.000001,3.9,3463.000004,11229.99999,176.1,1337.999999,0.04,2.129999998,0.930000001,3.659999997,0.087,35.19999996,17.2,265.8000002,112.2,590.0000005,126.7,1164.999999,228.4999998
1,S,1877.372716,2.777219065,3974.444356,11768.35555,246.3517678,1217.276817,0.039757189,3.676403298,0.911594084,4.123143784,0.121846645,37.86305244,19.46815508,303.5976426,129.8786946,685.2429262,150.4907148,1378.861809,238.8270884
1,S,1319.999999,6.900000004,2569.999998,10040,92.69999997,382.0000001,0.039,1.82,2.489999999,6.199999993,0.152,47.00000001,18.30000001,233,86.79999996,411.0000001,81.50000005,705,134.9999998
1,S,380.0000003,4.9,1777.000001,10060.00001,281.9999998,494.0000001,0.039,10.79999999,6.500000005,12.5,1.970000001,54.40000004,16.15000001,177.2000002,59.29999995,266.1999999,51.4,458,90.2000001
1,S,613.9999998,9.800000007,3059.999997,7780,290.0000001,446.0000003,0.038,6.559999994,8.080000004,16.90000002,0.870000001,83.59999992,26.19999998,308.0000004,103.8000001,459.0000005,83.99999999,693.0000006,130.6
1,S,2000.000002,5.499999994,4510.000001,11210.00001,114.9999999,670.9999997,0.038,2.310000001,2.36,7.05,0.65,56.89999995,24.39999998,362.0000004,144,715.0000003,144.9999999,1240,236
1,S,1042.999999,6.1,2190.000001,11290,160.0000001,615.9999998,0.037,6.109999997,1.139999999,4.439999999,0.36,34.40000003,12.90999999,180,72.70000002,362.0000004,75.1,667.9999993,135.3000001
1,S,1114.999999,3.880000004,2205.000001,10759.99999,109,368.9999999,0.037,3.569999999,1,3.750000002,0.422,30.00000002,12.71999999,176.7000002,73.19999999,371.5999997,77.09999999,693.9999993,141.3
1,S,552.0000003,8.37,1205,11439.99999,221.0000002,391.8999996,0.037,18.49999998,1.27,3.4,0.398,20.62,7.950000006,107.1,40.85999997,198.4000001,44.64000001,410.3999999,74.1
1,S,338.9999998,6.600000007,857.0000002,11119.99999,76.79999999,304.0999999,0.037,5.580000001,0.919999999,2.320000001,0.316,13.26,5.129999999,72.50000007,28.67,139.1,31.31000003,286.4999998,56.28000003
1,S,719.9999993,6.299999993,1791.000001,11149.99999,59.50000004,406.0000004,0.037,3.18,1.629999998,3.720000001,0.481,26,10.66000001,159.1999999,61.16000004,296.9999998,66.59999997,594.8000002,114.8
1,S,1189.999999,4.340000005,2349.999999,11779.99999,98.00000007,362.0000004,0.036,3.48,1.280000001,4.079999999,0.38,28.59999999,12.12,181.4000001,75.60000009,387,81.90000005,733.0000006,148.2000001
1,S,1046.000001,7.699999997,1936,11310,83.99999999,213.9999998,0.033,4.620000005,1.79,4.010000004,0.69,31.8,11.98,161.0999998,62.49999995,311,63.3,565.9999998,113.5999999
1,S,430.9999998,3.25,949.9999994,10650.00001,148.9999999,276,0.033,9.699999994,1.44,2.68,0.74,15,5.609999997,74.00000005,29.89999998,152,33.89999998,328.0000002,71.00000005
1,S,1129.999999,13.3,2310.000001,9900.000009,78.79999991,230,0.032,2.569999998,3.12,10,0.369999999,54.99999994,18.49999998,219.0000001,77.59999995,349.9999997,68.40000004,575.9999994,112.0000001
1,S,1157,7.699999997,2436,11680.00001,74.86999998,495.6000003,0.031,1.207999999,1.220000001,3.810000003,0.157,31.30000003,13.85999999,208.4000002,84.28000001,422.6000003,95.9299999,867.9999996,157.6999999
1,S,722.0000007,6.500000005,1900,9870.000008,248.0000001,291,0.03,10.59999999,2.91,6.319999996,0.36,42.29999996,13.89999999,172,64,295,57.3,485.9999997,93.60000006
1,S,567.0000001,4.999999996,1020.000001,9559.999994,64.30000001,620.9999997,0.029,8.299999993,0.52,1.549999999,0.121,12.89999999,5.099999999,74.00000005,32.5,176.9999999,41.50000003,418.0000002,94.50000011
1,S,1416.999999,5.300000005,3449.999999,11060,129.2000001,649.0000003,0.029,2.000000002,2.069999998,6.539999995,0.19,47.60000003,20.5,289.0000002,114.2999999,562.0000006,115.4999999,997.9999993,193.6
1,S,1140.999999,5.94,2705.999998,11220,146.0000001,440.9999995,0.029,6.280000004,1.479999999,4.959999994,0.696000001,39.90000003,16.49999999,245.8000003,94.89999991,467.0999997,102.3000001,891.1000007,159.4999999
1,S,2810.67561,4.510123279,6071.330963,16019.9079,122.8823236,735.6194592,0.028912175,1.003072657,1.438172155,6.726702226,0.100640312,61.02778099,28.96104224,439.8030005,178.0715434,913.2248864,220.3086032,2076.522279,298.003848
1,S,646,6.900000004,1259,11039.99999,102.6000001,303.4999997,0.027,7.330000006,0.819999999,2.77,0.258,19.3,7.660000006,105.3,41.2,208,43.09999998,402.9999999,82.20000009
1,S,1027.000001,11.49999999,1739.999999,10719.99999,63.89999998,198.9999998,0.027,1.470000001,1.82,4.19,0.116,29.6,11.29999999,153.0000001,57.50000004,273,52.69999997,446.9999999,82.80000004
1,S,754.0000002,11.70000001,1537.999998,8570.000002,67.09999997,238.4,0.026,2.069999998,2.000000002,4.609999996,0.232,30.2,10.59999999,132.4,50.60000002,244.9999998,48.59999997,428.9999998,85.40000006
1,S,3149.419216,3.753105382,6299.086149,13941.84866,118.5191464,1068.648848,0.024729769,0.935783338,1.970257866,7.533226596,0.138611991,65.11642784,33.95293382,509.5117185,208.5867887,1011.067436,239.4688811,2399.38187,337.0290979
1,S,883.0000009,13.59999999,1640,9409.999991,58.90000003,170.9999998,0.024,1.669999999,3.220000002,7.100000005,0.228,38.10000003,12.67,148.5000001,54.79999994,259.4999999,51.2,449,88.09999992
1,S,947.9999993,7.400000005,1824,9919.999996,117.6000001,297.6000001,0.024,5.609999997,1.61,3.880000004,0.348,29.89999998,11.23999999,151.9,60.1,294.1999997,59.8,525.9999998,104.2
1,S,1138.251358,3.977474491,2032.750011,11817.70493,65.83358493,602.5888452,0.023589263,0.860677855,0.731110508,2.524673276,0.116357758,22.74647484,10.70622997,157.5843356,67.3304889,356.8330475,78.33495982,724.7895015,144.6197895
1,S,422.4735927,10.49202206,1187.239595,8550.57412,80.73700539,129.1770487,0.023313113,12.17790596,3.677896876,6.687904008,2.198595458,30.36307498,9.388381284,122.8638568,41.4462765,196.454955,43.96235137,468.6635955,68.00676164
1,S,624.0000005,15.2,1888,8410.000004,122.2,199.2,0.023,2.710000001,4.950000001,9.30000001,0.218,51.5,15.74,184.2000001,64.10000007,284.6000002,53.60000004,445,85.60000006
1,S,287.0000002,4.399999995,1151.000001,11220,184.6999998,470.0000001,0.023,6.529999996,1.26,2.96,0.117,21.39999998,7.909999991,101.6,38.89999997,184.6000001,36.00000002,319.9999998,62.80000004
1,S,1423.09425,2.688962515,2433.848964,11364.0864,70.27882421,589.9806527,0.022045684,0.993382592,0.95310662,3.320664184,0.088086036,29.43892621,12.6764463,194.400241,80.90641224,418.9800517,95.38971934,890.5356359,173.7856342
1,S,1139.999999,8.399999999,2330,9360.000006,91.19999993,285.9999999,0.022,1.959999998,3.160000003,8.199999993,0.21,48.69999998,17.25999998,216.2000002,78.50000005,364.9999996,71.89999994,619,121.6
1,S,568.0000004,5.300000005,986.0000001,10940,159.3000001,298.9999998,0.021,21.80000002,2.180000002,3.18,0.64,17.79999999,6.299999993,84.40000007,32.9,162.0000002,33.30000004,303.0000003,61.39999998
1,S,288.9036947,4.827087263,707.7454891,9874.82955,135.9671054,261.1124039,0.020112595,12.34893069,0.621238487,2.038854227,0.281045355,11.75792485,4.32904713,57.86345865,22.64139691,117.1355885,25.2449864,240.2511206,48.30216298
1,S,1243.000001,7.400000005,2456.999997,10700.00001,65.70000007,283.0000003,0.02,1.690000002,2.3,5.830000003,0.271,44.5,16.71,215.2,80.49999993,385.0000004,77.40000006,671.9999999,132.4
1,S,1096,8.199999993,2313.000001,10799.99999,83.19999994,356,0.019,1.680000001,1.33,4.590000005,0.108,36.40000003,14.54000002,194.4000002,76.10000004,373.9999998,76.19999994,660.9999993,131.2
1,S,1989.999998,5.099999999,3728.999997,11140,65.70000007,529.5999995,0.019,0.829999999,0.96,4.760000003,0.093,40.29999999,19.63000002,288.9000001,122.2,638.0000004,136.3999999,1224.000001,245.2000001
1,S,1059.999999,13.79999999,1779.999999,9900.000009,63.60000005,223.9999998,0.019,4.130000003,3.130000003,7.470000003,0.64,43.89999998,14.89999999,169.0000002,58.6,258,49.09999999,422.9999996,82.70000009
1,S,953.0000008,20.00000002,2269.999999,9069.999999,97.50000007,334.0000001,0.019,2.15,3.689999999,8.209999998,0.408,48.50000004,16.90000002,208,75.99999995,356,68.40000004,582.0000005,112.6000001
1,S,1073.999999,6.1,1998.000001,12079.99999,53.3,204.8999998,0.019,3.739999998,1.129999999,3.359999997,0.394,26.19999998,11.09,154.7999999,64.30000001,322.3999999,65.59999994,583.9999998,114.7
1,S,1135.999999,11.10000001,2580,8990.000006,168.4999999,284,0.019,6.079999996,3.199999998,7.370000002,0.990000001,49.09999999,17.58000001,223,87.1,409,79.89999994,693.9999993,137.8999999
1,S,134.4999999,7.319999999,1233.000001,8359.999992,122.5000001,246.3000001,0.0186,4.750000004,3.359999997,5.64,0.963000001,25.16000001,8.070000005,107.5999999,41.10000001,204.7000002,47.10999997,433.2,82.09999998
1,S,2218.932714,5.184828289,4818.952905,15124.23633,55.58902528,453.9493201,0.018358342,0.364842608,0.873562163,5.497004165,0.125019033,54.787126,24.47624761,372.7300512,156.6047707,775.25354,173.7403856,1774.690702,254.2832146
1,S,1868.765591,5.141034449,4397.437494,15824.07523,99.02439826,847.8284289,0.018190471,0.791463884,1.095303168,5.855702794,0.134768617,52.2637126,25.10566445,382.7489121,148.4491277,745.9244539,178.1286752,1906.179607,264.876789
1,S,1500.694245,3.187270484,2883.869361,12489.6973,73.9501738,507.1917644,0.017051563,1.907417892,0.645623511,2.83477481,0.230726311,28.12692525,13.82372141,221.6643946,94.52627392,504.2421397,113.9143963,1067.146108,204.1466238
1,S,540.0000002,16.6,1329,8999.999991,50.39999995,124.7999999,0.017,1.179999999,2.059999998,5.999999995,0.217,33.00000001,10.76999999,125.2,45.8,208.9999999,41.2,340,67.29999997
1,S,940.9999991,16.49999999,1838,8649.999991,76.70000001,150.5,0.017,2.100000001,3.220000002,8.399999999,0.203,44.19999996,14.39,169.6999999,61.99999993,284,53.60000004,465.0000001,93.60000006
1,S,1226.899872,3.821926044,2268.150536,12755.02203,46.1260046,378.7916352,0.015577449,1.388452386,0.566419458,2.433888463,0.200483588,23.42325827,11.250067,175.4461833,73.67744994,381.2538842,84.13734452,777.5152179,144.9599014
1,S,245.2777225,9.405143906,1671.645875,7069.972996,99.71848093,184.2942354,0.01506356,6.008123524,3.445120946,6.420572141,0.954093928,37.48835225,11.82598484,149.7813118,58.9162178,276.4285368,56.44180526,548.2557877,82.30047523
1,S,1226.886057,17.74136758,2719.738669,14088.75906,82.64428601,157.6370068,0.014587626,1.233062803,2.689406486,7.975237535,0.140620999,55.27074366,21.24112443,264.1425876,91.22440092,404.1253642,85.87399866,821.1906275,113.1535316
1,S,1440,8,3049.999998,9689.999999,150.2000001,467.0000005,0.014,2.96,3.620000004,9.330000005,0.223,54.89999994,20.00000002,258,102.7000001,495.0000001,100.7000001,899.9999991,177.9999999
1,S,722.9999995,12.99999999,1513,9409.999991,78.10000002,223.9999998,0.014,3.999999997,2.750000001,5.6,0.261,31.60000003,10.96,136.9,50.19999998,241.0000002,47.09999999,418.0000002,83.7
1,S,1410.000001,9.099999993,3389.999998,10200.00001,164.4999999,394.0000002,0.014,3.069999997,4.909999999,12.09999999,0.242,74.00000005,25.29999999,312,111.7,506.9999996,97.10000002,798.9999994,152
1,S,520.4586286,7.993322161,929.7522264,11275.45066,37.29194817,291.5409697,0.013465275,1.681470038,1.10712056,3.116391112,0.164832895,16.85237855,6.371342298,84.6561713,29.81011401,142.2967677,29.416448,271.8248569,51.54234909
1,S,1774.992176,9.037686013,4370.369805,14679.29114,141.0190439,399.1777041,0.013423718,1.493201299,2.745737436,10.02377268,0.223955383,64.68121079,24.50158158,341.1073316,131.2286902,609.679067,137.4592161,1367.645255,192.4467694
1,S,1001.867815,4.985175167,1820.26299,12233.92213,57.48329416,418.8720642,0.013394136,2.354979473,0.700029455,2.344422258,0.13573402,19.92210043,9.194128579,139.7457571,58.20131497,309.5941901,69.18525484,650.2922766,126.2710945
1,S,573,15.89999999,1200,9370.000002,51.4,107.9999999,0.013,1.549999999,1.699999999,4.889999999,0.15,28.70000002,9.30000001,112.0000001,41.00000003,183.0000001,34.99999997,301.0000003,58.30000003
1,S,1367.000001,9.400000009,2590,10280.00001,83.7,397.0000002,0.013,2.269999999,2.310000001,5.709999997,0.251,46.90000003,16.80000001,221.9999998,83.40000007,412,82.29999996,734.9999999,144
1,S,752.5295599,9.634103818,1351.179277,10439.65998,98.45578926,301.4753653,0.012428886,1.650786159,0.960544052,3.52652064,0.141766671,24.31691093,9.170305415,119.0256035,45.78356747,221.6362248,45.6708124,402.5237092,76.52602301
1,S,850.9999998,9.599999999,1761,11849.99999,93.60000006,501.9999998,0.0124,5.6,0.940000001,2.750000001,0.268,21.38000001,9.890000009,149.3999998,59.80999994,308.6999997,72.89999995,690.0000004,126.6000001
1,S,1944.000002,4.700000001,4069.999998,11520,141.0000001,538.0000004,0.012,5.300000005,1.739999999,6.159999998,0.839999999,48.89999999,21.39999998,316.9999998,129.9999999,660.9999993,137.4000001,1238.999999,248.0000001
1,S,371.0251207,6.458713838,740.0358994,9175.175351,136.581706,260.07039,0.011283636,10.26208106,1.454449782,2.314630177,0.92341803,15.55424126,5.161547389,62.22375259,23.19244808,115.8194267,26.30053083,260.8317577,56.4165246
1,S,2447.375527,4.423549516,5013.222983,16999.44345,91.63586231,767.9478255,0.011032531,0.695110712,1.326476758,6.163812894,0.05416431,53.46257014,26.25869435,422.5836491,161.1501129,781.8855986,198.4365286,2052.913932,279.7815031
1,S,871,13.39999999,2119.000001,9610.000007,117.0000001,212.2999999,0.011,2.259999999,4.039999999,8.890000001,0.241,51.60000004,17.11999999,202.7000001,72.20000007,326.8000001,61.59999998,520.0000004,100.8999999
1,S,1071.999999,12.29999999,1949.999998,10000,61.30000007,198.9999998,0.011,1.489999999,2.159999999,5.580000001,0.099,37.20000001,12.86000001,166,64.70000005,310.0000001,60.1,534,104.6000001
1,S,490.9999999,14.10000001,996.9999993,7819.999999,40.10000004,133.6,0.011,1.72,2.000000002,4.550000004,0.476,21.29999998,7.120000006,89.99999991,32.9,156.3,32.20000002,288.0000002,59.20000004
1,S,1415.489431,7.431212784,2765.261047,11840.48827,100.9473394,452.5776562,0.010538718,1.421035066,1.911879269,6.406540604,0.280329887,45.39313086,17.59607421,237.1810542,91.20443683,442.8940379,91.77017756,812.0888394,150.1474224
1,S,904.9071922,5.133390943,1931.702576,10538.68916,115.0497237,461.9167033,0.010079885,1.776937223,1.445924708,4.090079306,0.21358823,30.29176612,11.92668434,163.9789435,65.04308639,321.3292068,69.22490382,626.6537069,119.5935454
1,S,1071.999999,5.6,1779.999999,10520,31.9,175.0000001,0.01,0.789999999,0.84,3.499999997,0.09,26.60000002,10.59,150.0999999,57.90000004,290.0000001,60.40000005,533,109.4
1,S,1129.999999,5.999999995,2198.999998,10200.00001,103.9999999,556.0000005,0.01,2.259999999,2.59,7.699999997,0.4,52.30000002,18.27999998,214.1999998,72.39999997,316.0000003,60.79999996,512,95.59999994
1,S,1090,4.799999996,2009.999998,12409.99999,59.8,486.9000005,0.01,1.810000001,0.69,2.3,0.239,23.6,10.39999999,154.9999999,64,332.0000002,70.89999997,658.0000006,133
1,S,871,7.400000005,1731,10759.99999,103.3000001,210.9999999,0.01,6.289999994,2.019999998,5.999999995,0.909999998,39.09999996,13.95000001,162.7,57.09999997,261.9999998,49.99999996,424.0000004,84.50000001
1,S,1369.296446,9.304156954,3098.874619,13057.71445,104.0414181,318.9675643,0.009869746,1.093046316,2.754145195,7.741079899,0.174700089,52.62804568,19.87090843,258.5958298,94.75754535,447.9292118,96.13523516,1021.761348,132.6377158
1,S,118.5317098,6.395377313,600.5808151,7119.310851,252.1574901,382.3839613,0.009838944,30.60343913,1.733082113,3.172456136,1.584058909,15.06045626,4.379237389,53.05008768,18.71356552,92.68298853,21.20319298,249.8370602,38.41738651
1,S,1396.344131,5.330561938,4252.984902,15652.53285,951.1465063,1244.732978,0.009744487,58.00516173,2.187976797,8.008197569,2.297728729,61.78071668,23.24216864,339.0880822,126.0642981,660.6135327,170.5276554,1740.619846,282.4002813
1,S,1227.630882,5.326262311,2572.602605,10905.71977,106.1878616,412.9560119,0.009178921,6.700831172,1.042939783,3.437094398,0.2678433,28.75885552,13.47786851,198.3805075,83.38867189,435.5596308,91.6008429,809.3160533,155.305181
1,S,618.0424977,0.736745809,2496.975925,16579.96231,671.8257908,1283.422643,0.009068778,15.72223202,0.962278612,4.154196706,0.256898015,33.54937678,14.48490759,206.8911387,83.28921042,415.5666822,97.7420033,1047.541309,155.7957122
1,S,1365.797153,11.91101304,3439.116945,13436.4292,100.4659555,274.4247366,0.009050623,1.087114341,2.98608771,9.583697165,0.137535192,59.8619638,22.19844627,273.9677676,100.3156755,448.0568404,101.5498563,1016.546539,132.8045171
1,S,1371.000001,11.20000001,2872.000003,9160.000007,271.0000001,279.4000001,0.009,11.54,3.580000003,8.570000002,1.369999999,59.8,19.46,245.0999999,99.89999995,501.0000002,102.4999999,893.0000002,183.3999999
1,S,1299,5.999999995,2426.999998,11450.00001,53.60000004,324.3000002,0.009,1.600000001,0.719999999,2.489999999,0.108,24.59999999,11.90999999,181.0999999,76.30000001,392,83.49999991,743.0000004,147.1000001
1,S,34.98547075,2.316911488,272.6537128,13792.41417,32.08516345,588.8056884,0.008911798,5.297518902,0.095230691,0.292154489,0.157876315,2.287406738,0.991862199,16.20421445,7.411240659,49.18321996,15.6518994,225.2553834,51.77002933
1,S,1614.120584,16.11959574,3223.283448,13934.50989,57.71428969,130.9505434,0.00851044,0.923736467,2.403296401,7.202294673,0.109709003,56.77291218,19.9013382,258.7959359,95.63444415,441.6525314,98.35365416,957.700557,140.1360988
1,S,1079.000001,3.209999997,2198.999998,11949.99999,90.69999999,506.5999995,0.0085,4.19,0.599999999,2.500000002,0.265,23.14000002,11.09,181.0999999,75.36999995,398.2000003,93.71000003,868.5999999,159.4999999
1,S,583.943518,12.09597047,1160.182924,11249.07427,56.71492551,226.4801808,0.008342252,2.179513433,2.532443104,5.65775496,0.340278477,29.37261325,9.570648715,122.0010732,41.77472898,189.5332676,44.80536205,461.2267411,72.64416547
1,S,200.2139233,11.32225558,697.5765102,7883.538284,43.06588457,136.774056,0.008135983,1.336096548,0.910346899,2.443471517,0.281194859,14.33626384,4.963253643,65.13095407,24.6197354,120.0997131,27.59883004,289.1225236,42.67830109
1,S,926.0000007,5.300000005,2038.000002,9790.000004,102.2,488,0.008,2.249999999,1.209999999,3.280000002,0.113,28.30000003,11.61000001,164.1,66.59999997,333.0000004,69.90000004,615.0000003,120.5
1,S,876.9999993,11.10000001,1674.000001,10550.00001,53.89999998,161.5999998,0.008,1.400000001,1.64,5.280000006,0.109,33.59999997,12.06000001,149.5000001,55.90000001,265,52.09999996,459.0000005,90.69999999
1,S,957.0000005,6.1,2059.999998,11659.99999,128.0000001,293.9999997,0.008,5.560000005,2.939999997,8,1.090000001,47.50000004,16.90000002,196.9999999,67.29999997,297.9999999,56,484.0000004,91.89999992
1,S,1068.999999,4.9,2089.999999,12439.99999,64,431.8,0.008,1.690000002,0.719999999,2.069999998,0.286999999,21.39999998,10.35,155.9999999,65.5,348,75.40000002,703,143.6
1,S,1368.701042,3.463729544,2472.006896,11660.55922,104.3148474,892.4817846,0.007955112,1.494209764,0.615291586,3.44769735,0.184738977,29.98963955,13.50491052,202.677047,82.55572563,429.4026715,96.37781542,887.8368099,169.8688505
1,S,1920.869072,4.527330931,4145.030829,12957.88278,77.65229862,594.0320661,0.00791534,0.667700347,0.970814267,5.122126253,0.08094483,46.61270464,21.47711789,324.6560377,130.4159394,660.3238946,159.1820828,1585.942403,224.4638424
1,S,1331.144653,8.040069724,2935.555935,12111.76308,90.45915175,383.3696408,0.007803376,1.188686023,1.588832618,5.816798558,0.131723925,39.86434218,16.90513191,236.0120244,90.94773904,445.4657966,99.25218651,970.8144211,146.512754
1,S,128.1881108,5.92190369,461.6803473,17228.40784,157.9197003,427.3191236,0.007648243,10.93359767,1.272664412,2.795398398,0.055727187,11.61086138,4.099347143,49.52094652,18.53784233,87.02675137,18.7682628,189.9316618,27.96618325
1,S,1698.551222,3.63489171,3775.980762,14288.91478,71.90266941,601.1651981,0.00742566,0.617946563,0.719710621,4.054193668,0.05724988,37.4722356,17.82845865,282.3848272,108.9650644,550.1964451,133.4941898,1416.1451,196.9526057
1,S,1531.500726,5.624264984,3027.940326,11778.78504,65.73617226,440.2063105,0.007160747,1.613258333,0.635280905,2.981572376,0.128217478,28.85066972,14.37774001,225.5736817,97.87928743,517.6772813,111.5690071,1001.199504,189.5750586
1,S,1476.855742,4.208593412,2885.686004,12050.54989,73.3056814,424.8408656,0.007069808,1.86747738,0.653732497,3.086125315,0.19997827,29.16995526,14.15586881,218.1545498,93.61802956,496.027433,108.4065704,986.3630889,181.6489639
1,S,1142.999999,6.900000004,2459.999999,10300.00001,97.20000002,304.0000003,0.007,1.600000001,2.740000001,7.800000006,0.151,48.09999996,17.39999999,223,82.40000006,394.0000002,78.00000006,676.0000001,131.3
1,S,793.9999992,7.400000005,1465.000001,11439.99999,52.09999996,164.7999999,0.007,2.77,1.010000001,3.580000003,0.33,24.2,9.02000001,122.8000001,48.09999996,240.0000002,49.40000001,451.0000001,90.8000001
1,S,154.8738312,9.06247718,433.397605,14555.67309,119.2655532,174.902804,0.006978995,13.13772461,0.680881061,1.635026289,0.474031504,7.369957204,2.954917942,38.40105155,14.29003897,75.43690326,17.44452735,207.5123688,33.33456453
1,S,106.3594206,15.16618457,268.8757068,12811.37867,87.69655293,213.0742105,0.006772816,3.446539808,0.750892981,1.657098438,0.063275079,7.11990023,2.512409501,28.83633817,9.308267682,43.48119136,10.03065571,101.2223591,14.20078087
1,S,1193.192198,4.318815188,2799.109428,14300.64329,107.082451,445.2735284,0.006596638,0.87793237,0.874863867,3.55070573,0.058321413,32.68398775,15.02496029,219.0468565,91.67186039,422.4006531,95.47955649,917.6934121,143.8329454
1,S,2264.29763,4.191480287,5071.374108,13964.01192,96.71503471,672.4533616,0.006424762,1.433084695,1.287591206,5.846156875,0.119089642,51.84180236,24.72826009,397.074269,161.0412215,777.8121001,179.6386278,1821.093205,246.7441222
1,S,1106,8.999999991,2009.999998,10739.99999,64.70000005,329,0.0064,1.509999999,1.25,4.199999996,0.084,30.2,12.16999999,166.2999999,66.09999993,334.0000001,68.49999992,619,124
1,S,609.9263021,2.693056407,1253.054776,13041.82078,73.24777805,369.8934986,0.006210976,3.47981138,0.440581206,1.832992483,0.29537047,15.39220961,6.856600879,99.45318591,42.16159596,222.1010767,49.20996124,464.4596879,91.29771581
1,S,2168.41933,3.658113145,5018.961925,15556.85236,80.34651756,787.471386,0.006197036,0.634722063,0.814807827,5.016875678,0.095199086,49.06433998,23.45389848,379.0004242,152.7342825,791.6001977,184.1981619,1926.967159,263.0601976
1,S,1369.420935,8.815161758,2947.646337,15525.69649,77.90996675,291.3727091,0.006192036,0.883663336,1.078321814,4.311874123,0.047707004,33.7025425,14.92820702,218.7587837,86.0953859,412.425018,95.99725461,932.7897518,134.9871388
1,S,1632.269622,3.403790062,3268.582529,12329.08569,104.0788711,583.7578893,0.006163741,2.375150896,0.76438067,3.728753998,0.238569972,33.31146578,16.32003335,248.8792171,106.1037011,560.3772156,122.8516987,1108.586588,207.1304459
1,S,1051.984953,12.52476073,1822.534596,13114.50443,60.70264919,199.4099516,0.006093459,0.627659264,1.432936133,5.169487851,0.04956517,34.62712949,13.80837316,194.3376613,73.3685885,324.2495604,72.95675332,737.4410854,102.8731128
1,S,430.9999998,14.49999999,974.0000003,8900.000007,43.09999998,144,0.006,2.269999999,1.470000001,3.569999999,0.17,19.89999998,7.140000004,86.89999991,32.09999997,155.7999999,30.10000003,271.0000001,55.10000002
1,S,322.9999998,11.89999999,265,12510.00001,64.39999995,206.5999999,0.006,6.17,1.020000001,3.220000002,0.339,16.90000002,3.56,29.89999998,8.799999997,36.3,7.100000005,62.99999993,13.3
1,S,941.7850953,6.893348623,1977.039421,10386.40014,164.2809819,430.7596645,0.005794427,1.891961223,2.438729075,6.09010118,0.137468124,40.36786288,14.64410206,182.2386699,68.36045568,321.8774863,64.66172124,566.3370783,105.7826494
1,S,542.6531396,9.197970048,951.2549047,13759.04072,54.69374267,214.6005299,0.005761464,2.050177925,1.137917944,3.382007536,0.056747752,18.08242119,7.139422786,90.37724844,30.80231416,153.0961693,33.94371888,343.4904888,50.46900667
1,S,2644.947116,2.412550629,4902.757582,16149.73,79.86694344,1140.569521,0.005741636,0.499885128,0.721338936,5.288028511,0.024463831,46.34190014,26.44055117,389.0714334,151.5976814,753.1924951,198.8002943,2126.459252,315.0032496
1,S,293.0802586,4.449634686,1058.698683,11356.08072,125.0547223,570.6356035,0.005661427,2.651358822,1.658132913,4.734417771,0.661549784,26.89247342,8.911293957,110.0006729,37.84315957,155.7593126,32.55962707,287.3354828,37.32175005
1,S,449.217576,1.25204145,3107.24445,17272.21196,537.0551654,1442.444789,0.005574271,14.40347247,0.927596679,4.440022859,0.322718784,44.57803193,17.60061645,248.1301945,98.11619236,489.6837722,115.0972017,1167.200519,170.1810152
1,S,592.0340428,11.3422644,1969.473697,7967.8947,99.81601906,316.5604022,0.005536009,2.723833984,1.986854887,5.275865071,0.316760395,28.60269038,11.23087855,153.5422866,62.322953,292.6726595,69.16564655,699.7110477,103.2502757
1,S,792.6999996,8.500000006,1542.000001,10480.00001,72.99999998,369.1999997,0.0054,1.868,1.540000001,4.959999994,0.332,33.20000002,11.93000001,147.9,52.36000001,243.6,54.00000002,490.9999999,87.00000008
1,S,260.8159807,1.935540375,1244.053255,13117.60998,450.4259249,807.4646529,0.005287981,10.52994168,0.852605545,3.030156742,0.428680955,22.39900146,8.544048639,111.2442112,41.79100141,204.0812877,45.563757,507.5812676,72.74602022
1,S,1355.14061,5.67799818,2788.863099,14842.55623,72.86325509,417.6401951,0.005286774,0.752975471,1.013647618,4.006351622,0.079250746,30.86731088,14.79186474,231.8023102,85.90956164,417.2303777,100.589745,1082.014732,145.6654977
1,S,655.9685577,17.3186958,1040.83519,12535.67202,39.16669463,105.0869816,0.005254256,0.704878857,0.989779492,3.322537643,0.075825464,19.55263189,7.753315844,98.08590556,37.27403117,166.0352105,40.00089615,385.0419703,60.54360445
1,S,1223.894742,8.997835478,2555.629873,11636.73102,78.03881624,351.1046991,0.005092812,0.948929124,1.314141484,4.827379658,0.111536745,37.17216395,14.18555435,208.6233525,80.91722788,388.7271865,87.91423614,883.4921193,129.247438
1,S,373.9999998,5.200000004,879.9999997,12230,94.99999994,888.0000005,0.005,9.400000009,0.71,2.939999997,0.313,18.49999998,6.150000003,73.49999999,26.5,131.1000001,30.49999998,308.9999997,66.09999993
1,S,741.9999995,6.800000005,1909.999999,11100.00001,125,266.9999998,0.005,5.409999999,1.589999999,3.979999999,0.759999999,32.09999997,11.62,158.3999999,63.80000004,310.0000001,61.99999993,556.0000005,107.9999999
1,S,2820.061146,3.278842978,6092.606339,15299.72955,133.256225,1201.295627,0.004866137,0.651879247,1.208377077,6.690516114,0.119209111,61.42550265,30.99956167,479.993639,188.7264831,916.9664353,220.4339861,2237.381331,311.6006084
1,S,872.0000001,14.10000001,2241.999999,9499.999994,119.9,246.3000001,0.0047,2.059999998,3.620000004,8.160000005,0.177,53.19999996,16.90000002,209.6999998,75.60000009,349.9999997,66.09999993,565.0000002,107.9999999
1,S,1698.833307,8.967001347,3976.113692,14988.72964,84.85682789,375.0201092,0.00460894,0.638204954,1.390049478,5.456388664,0.04592851,48.57870474,20.7583661,293.7844203,113.4643538,557.0702784,121.2935363,1414.001841,171.6540996
1,S,198.6852884,7.333173224,722.7859086,8886.072679,165.3634026,324.9329153,0.004520866,7.94302651,1.155313478,2.61363087,0.334548415,14.49725967,5.174385259,69.2914622,23.99184682,123.2062922,31.01600843,313.1238693,46.71319485
1,S,693.9999993,14.79999999,1671,9020.00001,86.09999991,154.5000001,0.0042,2.310000001,4.229999996,8.329999992,0.3,45.3,14.26000002,163.7999998,57.00000004,254.5000002,47.89999995,401.0000004,76.90000004
1,S,997.9999993,9.400000009,1879.999999,10910.00001,54.40000004,327.0000003,0.004,1.44,2.139999998,5.800000006,0.291,39,13.3,166,61.9,292.9999998,58.90000003,531.9999996,105
1,S,1490.263532,5.484924287,3537.271802,13064.6511,421.0056818,1285.841212,0.003934257,8.694816623,2.689744704,8.538521042,0.472022789,61.37961542,23.86725494,322.3407871,122.4742541,567.4070532,127.7593081,1282.040949,182.3655098
1,S,332.3149473,10.52126419,969.5206307,11546.94093,70.35286888,205.9022527,0.003859843,2.195134033,1.159876464,3.367770706,0.14954081,20.65794843,7.213963606,94.21185066,34.81391695,163.3860908,33.31551691,369.9532152,51.4828856
1,S,351.8064058,4.858032803,1066.325976,11544.41775,198.1278277,310.0360777,0.003850963,18.26341981,1.162762013,3.390455683,0.81372967,21.06310172,7.065531127,91.39052581,33.82165078,162.8936437,34.69160837,321.8005715,61.87089252
1,S,247.6178617,8.376691474,927.6249197,13801.09705,135.0588763,435.1266959,0.003769215,10.48899528,1.482860648,4.302442293,0.062998597,24.00876684,9.026008642,112.932229,37.54988307,164.9268746,36.27238747,351.1705518,50.49750641
1,S,1922.967494,5.320669279,4333.227853,15343.91281,48.27059399,372.5666613,0.003762216,0.477990106,0.872422017,4.295579262,0.04771687,38.99054602,19.61355515,301.3305685,129.2882955,620.4570519,152.7935428,1479.073217,208.9971606
1,S,1620.000002,4.399999995,3839.999997,12690,117.0000001,602.9999998,0.0036,1.879999999,1.24,4.9,0.31,43.20000002,20.00000002,303.0000003,125,622.0000004,128.0000001,1120.000001,217.0000001
1,S,1548.241317,3.30389234,3533.106063,14531.21415,68.94102863,594.23361,0.00359024,0.715044764,0.711791203,3.908795467,0.054293394,34.13425158,16.64778544,258.5580055,100.8412492,538.3901441,127.9899057,1378.701481,193.2092324
1,S,1243.812228,6.030521748,2719.557953,13923.68623,60.95510322,379.6099244,0.003540457,0.839788815,0.91873942,4.168416939,0.090516847,31.07611086,13.16464247,197.4176564,79.61950936,397.6421882,89.63665759,902.5064658,137.8859695
1,S,1203.965194,9.669392489,2621.654483,13036.08201,63.29874449,182.7698132,0.003462849,0.712823011,1.614194733,5.787858939,0.020020134,38.9091195,15.71385817,203.1826597,76.49704357,376.3048433,81.4632488,841.9735487,116.8985349
1,S,176.2551064,2.60231165,449.6925348,7601.418141,36.73120052,102.9590968,0.003456496,6.275567613,0.870821891,1.859128498,0.533612866,9.030939503,3.189235649,37.97847054,15.01995969,75.26070011,19.31010036,217.0282492,34.57944973
1,S,3005.922263,4.048260901,7123.781068,15636.40959,154.4389976,1120.698271,0.003303986,0.811539093,1.514966505,8.020620372,0.168568898,72.9131102,32.91602148,515.8681131,212.5587547,998.0066428,243.3912236,2367.32394,339.7732419
1,S,203.7897976,3.620329232,1268.718863,10827.17738,165.4697962,263.6356803,0.003279717,8.620549739,1.419046082,3.39946211,0.558101719,22.47204625,8.451979286,118.0333431,44.50065804,219.9730006,53.17290919,561.9387214,84.75582879
1,S,1130.825085,4.27630055,2288.619937,11175.79709,88.87779592,348.5805381,0.003218387,6.878602465,0.669466858,3.589412038,0.3488678,28.51228195,12.39724894,184.9984808,76.13376916,390.8519932,85.03567785,768.6646379,141.0038215
1,S,148.06597,4.433749372,209.6147599,16874.44046,55.65830137,430.0102541,0.003152449,1.59300492,0.36512827,0.726912661,0.222222055,5.778399762,1.641597292,20.35996842,7.25817712,38.56697746,8.908162198,92.74711302,16.36891408
1,S,1689.000002,4.9,3576.999999,10980,120.4,645.0000005,0.003,1.889999999,1.680000001,4.830000003,0.167,44.60000003,19.44000002,278.8999998,114.3999999,583.9999998,122.1,1070.000001,212.4999998
1,S,845.0000001,4.999999996,1485.000001,12200.00001,39.91000002,466.9000001,0.0029,0.699,0.629999999,2.559999998,0.104,19.91,9.31,133.9999999,48.78999999,231.0999997,49.27999998,436.1999998,75.1
1,S,1974.568607,6.106265971,4641.446672,13997.32199,169.5490938,769.9879417,0.002869172,1.408212954,1.887900863,7.793671186,0.146438332,60.0488748,26.3114309,390.2934141,141.2481931,713.9799532,155.4772377,1630.521336,217.2174325
1,S,1974.557918,3.778518718,4365.507413,17276.00309,87.39628475,1061.564105,0.002862881,0.389461103,0.662421276,4.569653538,0.050413498,43.41884206,22.47970786,342.7636327,134.7053507,682.5248261,173.6797131,1778.409506,267.3872256
1,S,3010.27374,3.495120545,6511.018105,14423.59535,91.634072,846.2256459,0.002806575,0.568182273,1.080351574,6.520957384,0.079053273,60.35525123,31.54726123,483.2435922,194.3298252,989.6937986,232.0801594,2422.559442,353.8080191
1,S,1629.999998,7.199999993,3265.999997,10530,111.6000001,871,0.0028,1.26,0.580000001,3.49,0.058,34.49999999,16.78999999,253.4000003,107.9000001,560.8000001,119.4999999,1091.999999,217.0000001
1,S,1202.000001,12.6,2224,10480.00001,97.10000002,303.0999997,0.0028,1.66,2.000000002,6.109999997,0.148,40.49999998,15.2,205.9000002,78.69999993,379,82.29999996,727.9999995,130.1000001
1,S,482.2876544,2.640810876,3292.366992,15354.19479,1151.623692,1210.738373,0.002742621,24.0832688,1.989494047,6.924379373,0.643473549,51.37905214,19.35984442,247.1586395,96.6886795,442.3434339,103.7432693,1064.245881,133.5899637
1,S,222.3943148,4.375710812,472.3589396,10064.84857,164.554226,296.5309794,0.002713832,7.943772884,0.821277905,1.473480297,0.667408133,8.88929013,3.012721446,37.02673109,14.03714458,73.05005311,17.3537443,176.2139726,39.45611512
1,S,262.6213558,6.701715202,652.2603107,11891.28716,89.77244839,340.4513205,0.00256836,3.053844421,1.228921918,3.889778531,0.526560154,23.50336294,6.837420315,76.32714693,22.74300464,87.24762526,17.10942696,146.4837114,19.86427084
1,S,118.5672137,7.954539394,460.8160172,10875.97804,18.26230539,36.39373203,0.002538362,12.05340818,1.384389804,2.652393879,0.117462445,12.37496585,4.025498035,49.68980495,17.62313386,83.4144303,18.23656853,194.3409122,28.85898789
1,S,169.3768341,5.080724311,463.8958891,12199.95091,43.39501012,202.758678,0.00224823,2.009624885,0.637253065,1.847175267,0.210297915,9.29131348,3.523738171,43.32689194,17.68628826,71.71993545,16.78880547,177.4012959,26.84720685
1,S,1179.999999,4.999999996,2019.999998,10769.99999,48.69999998,364.9999996,0.0022,1.149999999,1.429999998,3.689999999,0.094,25.09999997,10.9,158,64.90000003,337.0000001,72.89999995,669.0000004,135.9999999
1,S,766.9791694,7.454304891,1410.19481,11351.12884,91.20305122,346.0570848,0.002146235,1.207940732,0.854297782,3.321421557,0.078704089,22.78389576,9.009858221,120.2755795,47.09929462,231.8800653,48.34039313,435.8551922,81.931264
1,S,221.9833944,2.704014275,1079.607408,13906.77102,203.326273,523.3538978,0.002132612,4.507183056,0.7173624,2.785725816,0.059546345,19.06083206,7.341008248,96.91673168,38.04651331,195.0650642,42.7015233,455.9190815,64.79010101
1,S,1055.000001,9.699999994,1795,9350.000003,55.90000001,142.9000001,0.0021,1.419999999,2.410000002,6.139999998,0.187,40.29999999,13.11000001,164.1,59.50000004,278.0000001,53.89999998,478.0000004,91.3000001
1,S,1361.81539,10.94926825,2956.137904,13998.7962,72.77513756,271.457063,0.001178269,1.099709594,1.576068492,5.954531184,0.093846855,41.40856982,17.289115,224.7072615,87.70381096,406.8900811,92.93004191,923.9474411,136.6567575
1,S,607.9999996,11.29999999,990.0000009,8520.000005,43.59999997,132.4999999,0.0011,1.059999999,1.280000001,3.059999997,0.068,20.3,6.930000006,89.30000002,32.70000003,154.9999999,30.89999997,278.5999999,54.20000006
1,S,1239.011918,11.90786408,2920.353079,14419.78241,96.21580749,264.1907288,0.001071636,1.134171725,1.739015761,6.170600002,0.085938818,42.43860874,16.52157564,218.1543438,81.53650072,385.0301575,83.70436768,849.5244192,117.7988536
1,S,2007.327179,2.959907758,4240.368865,14665.25676,62.00701728,799.5487912,0.001021855,0.512658921,0.765633779,4.382440879,0.093093113,41.28296316,20.79465215,327.8859859,133.6115715,688.5149362,166.5243335,1725.394737,237.3222936
1,S,1294.815012,5.960209481,2694.680155,12744.56847,78.08767927,522.6085709,0.001009376,0.682726415,0.91782876,4.178464752,0.09671185,33.80440888,14.84558487,200.3601836,85.83875401,409.523165,93.82022735,988.7873827,144.0960115
1,S,119.7090767,3.809611385,586.8526337,13336.71649,262.8545911,415.9124253,0.0009442,31.93044631,0.853418307,2.242694154,0.420616187,11.22242832,4.323209961,53.31191304,20.20623274,92.46210662,25.96503277,284.3409028,43.4214075
1,S,193,4.799999996,568.0000004,10470.00001,125.3,200.6999998,0.0009,14.96000002,0.660000001,1.429999998,0.499999999,8.63999999,2.96,38.50000004,16.98,94.50000011,21.90000001,234.5,55.90000001
1,S,1602.999999,6.4,3880.000004,12370.00001,133,592.0000004,0.0008,2.410000002,0.850000001,5.520000003,0.49,47.60000003,21.5,310.0000001,123.1,613.9999998,125.5999999,1097.000001,210.4999999
1,S,2176.089247,7.63069159,5111.375771,16773.68612,83.27692778,429.8414554,0.000775596,0.614447563,1.386280678,6.410256386,0.026298458,55.93433382,27.53121602,377.3909662,149.3460735,740.6559925,156.8799311,1674.584288,229.2065889
1,S,1091.056616,4.220465194,3148.37344,14549.97486,493.0330423,1420.479194,0.00065472,7.402082667,1.211823714,4.736339707,0.120052021,39.93422164,14.72059865,222.9656197,86.38315264,446.2022491,103.1033952,1084.081108,152.0536715
1,S,248.6399175,3.99120228,386.9521232,13004.84289,29.95107668,301.1653115,0.000523811,1.004106446,0.432325877,1.632629182,0.122794415,11.25000887,3.867710816,39.4576429,12.70395755,50.06201996,11.45774478,112.4182401,18.11560639
0,I,449.6318601,17.78657496,901.1810545,9886.942582,90.36820689,213.3138838,0.822125438,5.003438926,2.990091483,4.068596086,0.15509348,21.14889704,6.880127761,82.82351941,27.64523506,135.8006001,26.08834115,282.7235374,39.0225414
0,I,279.9999998,4.399999995,1242,12130,239.8000001,407.9999999,0.21,15.99000001,1.229999999,3.330000004,0.33,18.2,6.450000005,98.09999991,42.29999996,219.2000001,53.09999999,499.9999996,94.59999991
0,I,582.1999999,5.24,2389.000001,9739.000004,264.0000001,764.9999997,0.2,20.64,1.920000001,4.670000005,0.662,33.89999998,14.51999999,210.0999998,83.80000007,419.6000005,94.59999991,864.9999991,157.5
0,I,485.0000004,32.9,1798.999999,9060.999992,169.1000002,313.1999997,0.189,38.16,2.320000001,5.129999999,1.7,31.00000001,10.66999999,149.0999998,61,312.6000002,73.59999994,702.7000007,145.8
0,I,247.5999998,4.640000005,1562.000002,10599.99999,262.8999999,308.8000002,0.183,17.48999998,1.72,5.099999999,0.789,30.48999997,10.89000001,146.2000001,55.10000002,261.3999999,58.44999993,527.6000002,93.67999999
0,I,187.1000002,6.1,442.9999998,9790.000004,65.90000006,174.8999998,0.183,9.780000005,0.949999999,0.86,0.304,5.64,2.05,31.8,13.19999999,72.60000005,18.44999998,190.2999999,40.38999998
0,I,1319.000001,3.43,2937.999997,10530,204.3999998,975.0000007,0.169,8.769999993,1.33,3.979999999,0.3,33.10000002,16.28999999,254.7,100.5000001,509.7000005,122.3,1198,197.7999999
0,I,311.7152064,5.131057931,898.9925092,13539.79678,191.0945116,523.9863227,0.157959161,3.277363435,1.537017556,2.934050247,0.168305039,19.02646949,6.219679843,78.30079598,35.22863565,166.0277292,43.22507764,426.9076635,73.20011915
0,I,596.0000004,3.089999997,1675.999999,11170,270.3000002,611.9999998,0.128,14.69000001,1.84,3.9,0.528000001,30.00000002,10.62000001,154.6000001,60.40000005,291.8000003,64.6,590.0000005,105
0,I,496.4000002,5.900000005,1374.000001,10415.99999,115.2999999,263.8999999,0.119,22.27,1.920000001,4.300000004,1.239999999,24.49999998,8.479999995,114.9000001,46.09999996,236.3999999,56.59999998,549.9999994,109
0,I,399.2334337,19.14860811,1589.725937,10486.72562,105.7487711,199.4043049,0.101245657,2.65260056,3.799461359,7.293698569,0.323765498,38.33053447,11.77790034,140.4529745,52.89458267,218.9039509,48.12263284,426.5793666,63.72578412
0,I,446.0000003,4.600000003,1725.999998,10859.99999,343,430.9999998,0.1,30.89999997,2.349999999,5.700000004,1.030000001,31.00000001,11.16000001,155.3000001,58.90000003,284.4,71.50000003,686.0000005,113.4000001
0,I,400.3073553,18.19500264,2234.271887,10699.35349,171.2529806,280.4793924,0.098520451,3.034821164,5.179931218,10.67770841,0.362656144,52.51064574,16.98190316,214.2376141,69.93375053,311.1592142,61.24170709,635.9063137,83.63487478
0,I,589.7378389,19.14626175,4416.058613,9159.48433,466.1882058,530.2056068,0.090847071,5.477218003,10.63990793,23.2045482,0.777239892,128.1998335,37.5505612,439.8684775,143.4391569,617.9881066,122.3642535,1092.040329,163.3051504
0,I,381.2955502,15.07821102,1056.044206,8261.396208,73.81900669,244.5627093,0.084935646,2.161431776,1.381076699,3.538992685,0.156166237,20.7619568,6.942972946,89.27006603,34.1260145,157.2793773,37.08064757,360.297185,58.81480142
0,I,322.6999997,5.099999999,1303.000001,9969.999993,248.9000002,497.7999997,0.081,15.27,1.030000001,2.84,0.582,17.33999999,6.840000004,103.3000001,42.77999998,230.4000001,58.08999994,579.2999993,114.7
0,I,242.3999997,5.049999999,878.9999999,10112,185.1999999,400.1999997,0.079,11.99,0.870000001,1.629999998,0.395,10.91000001,4.359999997,65.59999994,27.82000002,152.1,39.60000001,408.5000001,83.19999994
0,I,325,11.29999999,1202.000001,9175.000002,369.8000002,331.5000002,0.075,35.45999998,1.739999999,4.029999999,0.939999999,19.79999999,7.389999993,101.2999999,40.49999998,205.9000002,48.59999997,476.1999999,91.49999999
0,I,394.0587678,17.3861385,1669.227988,10792.91851,150.7577007,275.9052936,0.074069177,2.770195025,3.315484676,7.807872018,0.341867325,46.57161011,15.29411597,166.7871037,60.85680457,263.8892823,55.59260781,511.4651202,75.35976006
0,I,132.4,8.999999991,1103.999999,8013.999998,62.86999995,126.7,0.065,4.160000004,2.969999998,5.109999998,1.06,24.70999998,8.150000005,102.7000001,36.90999998,177.3999998,38.50000004,357.1999998,61.79999999
0,I,281.4999999,5.700000004,1085,8759.999997,148.7000002,197.8999999,0.064,20.81999999,1.810000001,3.739999998,0.809,19.20000001,6.659999997,90.49999996,35.80000003,185.2999999,43.59999997,413.0000003,82.40000006
0,I,215,5.879999999,571.2999999,10347,184.8,331.3999999,0.056,13.81000001,0.629999999,1.680000001,0.395,8.66,3.100000001,44.29999998,18.07999999,96.29999997,23.87999997,243.3,50.54000005
0,I,225.7,3.18,855.0000005,10070.00001,238.7,467.0000005,0.055,26.19999998,0.76,2.019999998,0.461,12.81000001,4.419999996,65.39999995,26.99999999,147.8,36.80999996,389.8999998,77.40000006
0,I,180.4999999,7,607.9999996,11409.99999,92.29999999,160.9,0.05,15.51000001,0.45,1.120000001,0.268,9.02000001,3.379999998,47.37999996,19.46,103.8000001,26.16000002,255.4999997,48.40000004
0,I,209.8000001,8.599999995,654.8999994,9239.999995,101.9,167.2,0.044,18.82,0.47,1.470000001,0.371,9.160000007,3.610000001,50.71000005,20.48999998,111.7,27.88999998,283.0000003,57.34000005
0,I,344.6999997,5.890000003,894.9999993,9900.000009,122.4000001,220.0000001,0.0423,11.19000001,0.819999999,2.430000002,0.351,15.67999999,5.94,81.99999993,31.88000002,153.1000001,34.84999997,319.6000003,55.10000002
0,I,286.4000002,12.7,1202.000001,8866.999991,94.79999993,103.0999999,0.041,13.69,2.269999999,4.950000001,1.240000001,27.50000001,9.279999995,116.5999999,43.7,194.9999998,41.60000004,360.0000002,63.80000004
0,I,210.4999999,7.829999999,813.0000008,9483.00001,99.09999989,151.9,0.037,15.65,0.749999999,2.03,0.487,13.44000001,5.039999995,68.40000004,27.41999997,138.7,32.80999997,314.9000003,59.93000004
0,I,460.7999996,10,2443,8309.000001,223.3,285.7999997,0.035,25.18000001,8.119999995,15.64000001,5.000000001,67.60000001,20.5,244.0999998,86.30000006,407.9999999,88.4,808.0000004,148.7000002
0,I,372.7536914,17.87923127,1721.169232,10002.21625,125.285295,275.3371438,0.033227863,2.489415768,4.108852318,8.539890124,0.289625257,41.8644903,13.62215093,157.4511529,56.46177071,242.3001294,51.54211469,471.422851,69.18989762
0,I,174.7999999,12.29999999,1591.000001,7734.999999,83.80000007,179.7,0.0328,3.699999999,3.760000001,6.46,1.108,30.69999997,10.03,137.2999999,55.20000003,273.8999998,60.19999996,528.0000006,101.0000001
0,I,734.9999999,12.20000001,2746.000001,9290,292.3999998,286.4999998,0.031,14.19999999,6.750000003,12.88,2.400000001,68.20000005,22.14000002,282.1999997,101.8,454.3000002,94.79999993,824.0000006,138.4
0,I,412.6596923,14.57663023,2806.805294,8908.477593,297.3493641,378.0763895,0.030527853,3.477757741,4.974439898,10.25214099,0.397283688,61.97611174,20.29878002,245.8709923,87.38738367,373.4711578,74.90037637,716.2144436,96.15487331
0,I,258.8,14.60000001,2534.000003,7162.000005,117.0000001,179.4000001,0.03,4.199999996,5.019999998,8.280000004,1.740000001,56.80000004,19.77999999,259.1,94.25000003,423.5000003,86.3999999,719.9999993,120.5
0,I,152,11.20000001,1297,7859.000004,63.85999997,131.2,0.029,3.640000003,3.600000002,5.389999998,1.030999999,25.76000002,8.63999999,113.3,44.52999999,216.1000001,47.20000004,425.3000003,79.11000009
0,I,293.9999997,4.399999995,689.0000001,9820.000005,120.9999999,271.0000001,0.028,6.960000006,0.59,1.44,0.419,9.119999993,3.370000001,51.60000004,21.5,118.6,29.19999997,316.9999998,64.50000005
0,I,273,4.19,1066.000001,10491,243.1000001,512.3000001,0.027,13.84999999,1.05,2.219999998,0.437999999,13.46,5.380000004,81.50000005,34.26000003,185.5,47.23000005,494.6999996,98.90000009
0,I,300.6589241,19.68618477,1576.613391,10421.09162,104.1410037,191.289955,0.02548581,2.594517241,3.990547972,8.420841539,0.392093943,38.18554373,11.76418799,156.1853992,48.77147588,211.7655449,43.20608115,428.3218198,56.79138275
0,I,183.6999999,14.10000001,1714.000002,7660.999994,78.79999991,137.8999999,0.0245,3.56,3.9,6.740000007,1.370000001,41.53999998,13.24999999,167.3,61.50000003,275.4999999,57.09999997,492.0000003,86.3999999
0,I,437.2669236,18.14253919,2532.618407,10802.39319,361.021405,435.0916183,0.024350625,3.722708347,4.954302007,10.46413703,0.508672434,57.51376466,19.05049124,232.0805024,78.56369157,360.4160063,75.64737911,688.763138,95.61508182
0,I,455.2592871,19.53442477,1829.809887,10200.53624,162.8694133,277.0114286,0.020001142,2.7064539,3.8790783,7.751137856,0.369111784,43.34685021,13.95463556,169.7412472,53.33192234,254.401007,49.03895625,518.1049863,63.85021794
0,I,237.2000002,3.610000001,822.9999996,10429.99999,359.2999998,595.3999996,0.0196,27.93000002,0.8,2.219999998,0.395,12.55999999,4.990000004,67.50000003,27.04999997,138.9000001,34.63000004,348.2000002,63.95000003
0,I,134.7999999,7.380000003,1231,8329.999992,120.9,242.9000001,0.0191,4.730000003,3.35,5.620000006,0.956,25.23000003,8.040000005,107.3999999,41.02,203.9999998,46.89000003,431.8,81.70000009
0,I,302.7,6.800000005,1503.000001,6375.999994,337.0000001,585.5999999,0.0191,8.789999999,2.469999999,4.130000003,0.735,24.10999998,8.990000006,128.1999999,49.29999997,240.6999998,55.60999999,533.3000004,91.60000007
0,I,328.6999689,17.02336563,1121.367219,9217.958806,72.06122556,175.9484519,0.017072157,2.175744198,1.967851341,4.526237818,0.13937731,24.15880175,7.780708034,95.41637915,32.32914149,158.4778753,33.5351272,330.8973484,47.46088104
0,I,316.0900579,13.03260816,1576.874637,9491.378682,101.2102352,227.7929705,0.017019304,2.908776916,3.081100419,6.928581949,0.314799959,35.99094459,11.8617806,134.1880463,45.92504008,197.725371,40.14887153,401.9097482,56.42275071
0,I,396.4000002,11.79999999,1973.999998,9389.999994,177.0999999,201.4999998,0.0157,18.60999999,3.800000003,7.929999994,2.089999999,47.99999996,15.83000001,199.1,71.00000005,320.8999999,68.10000001,598.9999995,104.2
0,I,222.2000002,6.890000001,729.2,10309.99999,157.5999999,230.5000001,0.015,18.92,0.899999999,1.859999999,0.401,11.19000001,4.17,59.11999995,23.71,121.9000001,29.97,293.4000003,56.26000002
0,I,383.9999997,4.9,1635,9578.999994,361.0000001,463,0.0148,21.91000002,3.48,6.500000005,1.729999999,34.1,11.07,144.8,54.79999994,277.6000001,63.89999998,615.0000003,121.1
0,I,299.7124405,16.3587301,1137.647265,8833.280568,84.19887348,183.5717474,0.014404585,1.996791632,2.434690039,5.218664024,0.242162516,26.77057109,8.366963395,110.3767769,35.90066746,163.9308252,35.35650619,334.3719608,48.81263586
0,I,325.9999999,8.240000006,754.7999991,9797.999997,62.00999995,108.9000001,0.0135,7.250000007,0.488,1.879999999,0.256,12.16,4.600000003,67.00000005,26.00999999,127.1000001,28.80999998,266.2999997,47.14999999
0,I,138.5999999,8.599999995,1306,7876.999991,94.59999991,192.8000002,0.0131,4.199999996,3.710000003,5.609999997,1.084999998,26.85999998,9.170000007,120.9,44.42999998,213.4,48.65000004,461.8999997,77.8
0,I,363,6.679999993,841.999999,10719.99999,98.60000001,241.3000001,0.0113,14.70000001,0.643999999,1.84,0.242,12.63000001,4.850000004,72.70000002,28.72000003,147.9,36.98000002,371.4999999,69.69999998
0,I,144.3999999,11.70000001,1157,7400.999996,51.32999997,105.6999999,0.0112,2.987000003,3.55,5.580000001,1.018,26.08,8.399999999,110.1,40.42999997,188.6999999,40.87000003,371.3999997,64
0,I,216.3999998,5.700000004,1297,11180.00001,195.9999998,293.9999997,0.011,14.41999999,1.1,3.169999998,0.536,21.2,8.160000005,114.2,45.00000002,225.1999999,50.89999996,467.0000005,85.80000003
0,I,315.2348799,1.943023307,3006.804039,9590.562701,361.2944515,396.5513475,0.010887756,104.5693208,3.47319727,8.988589519,1.121769755,50.91334851,17.81123887,235.9888424,88.90639629,409.3827717,92.0146929,891.6733648,126.9739236
0,I,215.7999998,8.599999995,1055.4,8170.000009,82.81000007,299.4,0.0108,5.580000001,1.280000001,2.339999998,0.46,13.94000001,5.060000002,75.40000002,32.88999996,183.8999999,46.51999999,470.0999998,94.05999991
0,I,373.4112026,18.58170461,1371.559454,11067.37651,89.36657772,206.8669174,0.01016025,2.345839258,2.210857677,4.967669232,0.281911886,29.58280862,8.798394442,117.0189867,37.90236033,178.7164068,40.63658409,430.8816181,58.90056707
0,I,403.4000001,9.499999994,1199,9330.999991,162.9999998,413.1,0.0091,16.50999999,0.77,2.480000001,0.44,17.52000001,7.279999995,103.9999999,41.88,210.7000002,49.20000003,455.4999997,84.79999995
0,I,383.642217,17.70920332,1634.302654,10551.93349,136.8436243,287.8159754,0.008472789,2.841452536,3.104704999,6.27240384,0.280496292,35.94869158,11.68603902,148.2211294,48.78206168,236.053726,47.65622099,488.2311503,69.37836822
0,I,423.7343925,19.77449804,1398.099988,9356.671775,87.64108974,236.5912512,0.008183954,2.112933929,2.373500169,5.02841047,0.224950765,27.62917416,9.328287851,108.075157,39.37933954,177.5469156,37.30673541,394.1290042,56.8284902
0,I,282.6999997,6.600000007,997.4000003,8709.000009,191.9000001,270.5999998,0.0078,25.67000002,0.870000001,2.430000002,0.555,12.99999999,5.039999995,76.19999994,31.9,170.7,42.76999997,430.4000003,87.20000001
0,I,212.8000002,3.63,676.5999993,9750.000007,259.3000001,422.8999999,0.0078,24.61000002,0.76,1.649999999,0.505,11.32,3.950000003,54.81999997,22.02999999,114.8,28.26999997,288.4,54.44000006
0,I,465.2980999,14.94083632,1345.322938,8895.632851,83.4517801,205.9685379,0.007540182,1.935821255,2.733963694,5.767808769,0.242828514,31.16482934,9.827218696,118.8960077,42.71011236,185.8921866,37.13197514,374.50191,57.94971748
0,I,372.0246785,17.97004936,1667.636734,9967.444841,126.46616,269.4717377,0.007535436,2.672493995,3.478379917,6.808499251,0.309336999,39.12546697,12.14622095,144.0667327,51.47684805,227.6677775,47.57543479,483.3929587,69.10826883
0,I,150.6,10.79999999,1122.999999,7932.000009,53.13999999,115.6,0.0068,3.4,2.73,4.740000004,0.881,24.66999997,7.879999991,104.4000001,38.54999997,182.6999999,40.11999997,368.0999996,66.02
0,I,434.0000005,9.900000009,1397,7640.000007,111.1,143.2,0.0068,16.41,2.200000001,5.010000002,1.369999999,28.19999998,9.890000009,131.1000001,49.29999997,230.1999998,51.4,467.0000005,84.30000007
0,I,268.2000003,5.839999998,1395.000001,10302.00001,267.5999999,334.0000001,0.0061,31.71,1.79,4.940000001,0.786,29.16999999,9.820000005,129.3999999,48.50000004,231.6,51.2,470.0999998,85.00000006
0,I,340.2911034,16.2984197,796.0875499,9845.086721,52.99034304,143.988972,0.005852102,1.457494589,1.209894231,3.285031543,0.130334203,18.24006149,6.300602309,78.72073602,28.7142884,137.6127815,29.49281584,291.1843831,42.57826612
0,I,133.2000001,11.59999999,707.0000003,7751.999999,34.2,84.10000004,0.0058,2.685,1.379999999,2.969999998,0.506,13.87,4.889999999,63.40000002,23.75,114.8,26.14999999,239.1999998,45.40000001
0,I,150.9000001,10.70000001,913.000001,7380.000003,45.00000002,107.1999999,0.0057,2.979999999,2.38,4.17,0.803999999,19.89999998,6.340000002,83.49999991,31.39999999,149.2,33.59999997,312,54.79999994
0,I,281.3999999,12.99999999,817.0000009,9080.00001,142.3,194,0.0048,25.41,1.44,3.35,0.853000001,18.58000001,5.969999998,77.70000004,28.26999997,133.9,30.08000001,288.9000001,50.60000002
0,I,353.7763338,20.04243104,925.2853222,9919.613158,63.66903272,193.6625112,0.004789855,1.650395972,1.38433448,3.752498221,0.191955333,23.1930204,6.754712579,85.41876047,27.35664243,138.4822098,28.76992528,319.7198732,46.91033301
0,I,401.8704933,18.31671917,1028.041077,8657.921902,61.38459177,246.4256223,0.004640613,1.915407136,1.472749948,3.826219406,0.181728944,20.86229576,7.149998966,85.3435382,31.87924336,148.088014,32.71752116,357.8371506,54.0125803
0,I,307.3059011,18.8762588,680.1898657,10261.79166,56.32235648,156.1338357,0.004276264,1.846253871,1.165393571,2.814462121,0.148737899,16.20515499,5.140289736,65.28720493,23.23585165,105.3023165,22.05080141,228.1521995,33.7247872
0,I,312.5115062,15.67179471,1597.99139,9982.296192,119.8159791,222.104449,0.004214863,2.205430402,3.713565171,8.32028581,0.336143145,40.46435909,12.72387547,149.3147014,50.94477858,216.8957908,45.78120948,445.7678153,62.08755518
0,I,331.4637024,17.57848149,881.888085,10562.5017,53.78006057,167.7556071,0.003558789,1.941412524,1.095140666,3.079239002,0.13442548,18.17994764,6.437280698,77.05416543,28.60334491,125.6286226,28.3318052,311.6985206,44.61618025
0,I,326.3126025,17.69378415,755.4183863,8995.403667,49.70195948,134.1165049,0.003445507,1.873633138,1.302041351,3.086710761,0.203015555,18.32682623,5.855405765,68.38654232,23.58801759,112.4670775,24.86603061,228.7741255,35.6523361
0,I,470.9517695,15.55465052,748.2581141,9425.489371,47.78287062,134.5849474,0.00317069,1.292104143,0.9182639,2.958563834,0.141694059,17.52023185,5.44069428,77.59025818,25.67985836,124.8604239,27.00093722,275.4538666,39.21800432
0,I,332.6907354,18.98442816,737.5073723,10403.02394,53.45192311,143.6155693,0.00311489,1.556991487,0.98357626,2.840878153,0.143335861,16.94134618,5.719596543,72.73879681,24.65813716,118.8825139,25.46922083,268.2019654,35.47082029
0,I,304.1063425,18.87873155,916.3035961,10019.85111,50.77311058,147.1289274,0.00267723,1.87769443,1.203613203,3.207703685,0.133542785,17.14249755,6.130135991,79.2479851,25.83397334,126.9722203,27.13444918,298.230891,40.96349354
0,I,376.9750201,18.16965935,724.4705785,9751.078552,47.22897617,141.3560722,0.002630955,1.58149556,1.060851334,2.874953793,0.130918805,17.64276117,5.516907127,73.74625164,24.09272253,121.435428,25.56117484,280.9967507,39.78884248
0,I,462.7767673,16.76173387,886.113157,10325.43269,51.10967696,151.9528101,0.0024917,1.617556127,0.913397518,2.756494613,0.125029392,17.38062966,5.969913506,82.04714755,28.64160032,133.4259458,28.68190672,323.623177,44.80558056
0,I,430.035733,15.76177701,1250.344149,11009.61717,62.73954518,165.7961563,0.002092056,1.960676073,1.833628244,4.193584264,0.22050646,25.90808958,8.186195159,97.93680457,37.96022081,156.8545637,35.4889651,337.3709026,48.95901909
0,I,151.8000002,12.99999999,514.6000001,7670.000001,24.10999998,64.90000003,0.002,2.574000003,0.829999999,2.129999998,0.292,10.59999999,3.519999996,46.90000003,17.39,82.29999996,18.36999999,177.0999999,30.14
0,I,281.1573731,14.25803439,598.5953874,9845.673303,48.8751673,149.7698818,0.001957959,2.091093832,0.8226841,2.32587174,0.116884323,14.50274247,4.52280918,58.35401988,22.15497988,105.3497618,22.04295819,214.8990596,34.11433234
0,I,251.3929296,13.74768011,621.3623162,9756.636255,66.41236284,186.9828009,0.001775725,2.056318733,0.80517835,2.372050403,0.10727389,15.55408471,5.032317791,60.86906252,24.08832444,107.8845186,23.92336917,223.68941,36.25767568
0,I,171.6999999,4.060000004,556.9000001,11320,119.4999999,305.5000003,0.00172,7.829999999,0.357,1.05,0.25,6.740000007,2.699999999,40.9,16.92000001,95.40000007,25.41999999,271.5,56.85999995
0,I,926.0000007,12.29999999,2131.999998,9450.000011,200.6000001,290.4,0.0017,12.93,2.929999998,6.789999996,1.009,42.8,15.28999999,206.3,77.90000006,374.6,82.50000009,767.0000001,129.3
0,I,266.3999997,4.609999996,949.7999995,10669.99999,222.1000002,495.6000003,0.00168,12.45999999,0.749999999,1.64,0.393,12.15,4.909999999,72.60000005,29.95000002,168.3,42.82,455.4999997,92.09999996
0,I,209.9000002,11.38,701.0000001,7463.000007,38.93999998,147.1000001,0.0015,3.49,0.969999999,2.15,0.314,11.42999999,4.010000004,56.4,22.30999999,117.9999999,28.95,279.3000002,56.09999997
0,I,266.9999998,5.73,989.0000009,9439.999994,179.3000002,302,0.0014,15.59999999,1.159999999,2.740000001,0.579,15.24,5.479999994,79.60000005,32.61000001,175.4,43.7,446.0000003,88.30000009
0,I,144.9999999,8.700000008,483.4999995,8773.999999,51.41999996,147.9999999,0.0013,3.679000001,0.42,1.120000001,0.254,7.080000005,2.819999998,38.89999997,15,79.89999994,19.13999998,188.1000002,35.32000001
0,I,336.2999998,10.70000001,1109,9710.000002,97.60000007,164.3999999,0.00126,15.25000001,0.969999999,2.68,0.881,19,6.969999998,98.3999999,38.98000002,191.3,44.41999998,413.7000001,76.21000007
0,I,414.9000002,11,785.0000005,9780.000005,44.75000004,122.1,0.0012,4.999999996,0.899999999,2.890000002,0.494,17.25999998,5.900000005,75.80000006,27.45000001,129.2000001,28.92000003,267.5999999,46.71999999
0,I,175.6000002,11.10000001,590.2999997,8065.000005,47.00999998,145.4000002,0.0012,3.83,0.61,1.569999999,0.349,9.350000003,3.529999997,47.60000003,18.93,98.09999991,23.07000003,217.2,40.61999999
0,I,899.9999991,2.08,1754,11700.00001,90.29999993,677.0000005,0.001102,3.712000004,0.235,1.559999999,0.097,14.27999999,7.630000001,134.6,58.49999999,321.3999997,83.99999999,846.9999994,145.9
0,I,159.6,11.89999999,449.3000004,7716.000001,23.63999999,68.00000005,0.0009,2.42,0.59,1.179999999,0.268,7.979999994,2.84,39.35000003,14.90999998,72.99999998,16.53999999,154.6000001,28.64999998
0,I,397.4000002,6.389999998,1263.000001,9570.000005,148.9000001,296.0999997,0.0006,31.26000002,1.559999999,4.19,1.320000001,23.07999997,7.920000007,108.7999999,42.67000001,217.2,52.14000002,517.9,100.3799999
0,I,507.9999997,7.599999995,1090,10009.99999,118.7,205.5999998,0.0005,9.540000007,1.09,3.12,0.419,20.39999998,7.250000007,101.2999999,38.3,187.1999998,41.00000003,373.4999999,66.19999993
